task_name,s_time,e_time,diff_time,seconds
LOAD,2014-11-07 01:59:26.948605,2014-11-07 02:11:59.130791,00:12:32.182186,752.182186
PERF,2014-11-07 02:11:59.149654,,,
PERF.POWER.RF1,2014-11-07 02:12:02.996261,2014-11-07 02:12:17.436734,00:00:14.440473,14.440473
PERF.POWER.Q14,2014-11-07 02:12:17.458064,2014-11-07 02:12:25.651002,00:00:08.192938,8.192938
PERF.POWER.Q2,2014-11-07 02:12:25.673644,2014-11-07 02:12:32.518895,00:00:06.845251,6.845251
PERF.POWER.Q9,2014-11-07 02:12:32.540293,2014-11-07 02:14:17.001801,00:01:44.461508,104.461508
PERF.POWER.Q20,2014-11-07 02:14:17.025543,2014-11-07 02:14:25.717516,00:00:08.691973,8.691973
PERF.POWER.Q6,2014-11-07 02:14:25.740233,2014-11-07 02:14:44.693842,00:00:18.953609,18.953609
PERF.POWER.Q17,2014-11-07 02:14:44.718069,2014-11-07 02:14:45.141821,00:00:00.423752,0.423752
PERF.POWER.Q18,2014-11-07 02:14:45.162573,2014-11-07 02:16:02.978624,00:01:17.816051,77.816051
PERF.POWER.Q8,2014-11-07 02:16:03.002634,2014-11-07 02:16:18.804173,00:00:15.801539,15.801539
PERF.POWER.Q21,2014-11-07 02:16:18.827828,2014-11-07 02:17:39.07074,00:01:20.242912,80.242912
PERF.POWER.Q13,2014-11-07 02:17:39.092907,2014-11-07 02:18:34.865163,00:00:55.772256,55.772256
PERF.POWER.Q3,2014-11-07 02:18:34.886395,2014-11-07 02:19:15.156851,00:00:40.270456,40.270456
PERF.POWER.Q22,2014-11-07 02:19:15.180935,2014-11-07 02:19:24.318728,00:00:09.137793,9.137793
PERF.POWER.Q16,2014-11-07 02:19:24.340987,2014-11-07 02:20:01.063034,00:00:36.722047,36.722047
PERF.POWER.Q4,2014-11-07 02:20:01.084589,2014-11-07 02:21:03.894424,00:01:02.809835,62.809835
PERF.POWER.Q11,2014-11-07 02:21:03.920145,2014-11-07 02:21:06.450488,00:00:02.530343,2.530343
PERF.POWER.Q15,2014-11-07 02:21:06.473164,2014-11-07 02:21:19.729187,00:00:13.256023,13.256023
PERF.POWER.Q1,2014-11-07 02:21:19.754386,2014-11-07 02:22:38.10846,00:01:18.354074,78.354074
PERF.POWER.Q10,2014-11-07 02:22:38.129964,2014-11-07 02:23:00.494422,00:00:22.364458,22.364458
PERF.POWER.Q19,2014-11-07 02:23:00.518033,2014-11-07 02:23:01.303609,00:00:00.785576,0.785576
PERF.POWER.Q5,2014-11-07 02:23:01.323163,2014-11-07 02:23:37.170313,00:00:35.84715,35.84715
PERF.POWER.Q7,2014-11-07 02:23:37.192939,2014-11-07 02:24:22.329186,00:00:45.136247,45.136247
PERF.POWER.Q12,2014-11-07 02:24:22.351771,2014-11-07 02:24:43.759882,00:00:21.408111,21.408111
PERF.POWER.RF2,2014-11-07 02:24:43.776805,2014-11-07 02:25:20.650151,00:00:36.873346,36.873346
PERF.POWER,2014-11-07 02:12:02.980945,2014-11-07 02:25:20.666219,00:13:17.685274,797.685274
PERF.THRUPUT.QS8.Q19,2014-11-07 02:25:25.438923,2014-11-07 02:25:26.940084,00:00:01.501161,1.501161
PERF.THRUPUT.RFST1.RF1,2014-11-07 02:25:24.775594,2014-11-07 02:25:42.569487,00:00:17.793893,17.793893
PERF.THRUPUT.QS9.Q8,2014-11-07 02:25:25.453056,2014-11-07 02:25:48.614626,00:00:23.16157,23.16157
PERF.THRUPUT.QS3.Q8,2014-11-07 02:25:25.453126,2014-11-07 02:25:48.875106,00:00:23.42198,23.42198
PERF.THRUPUT.QS2.Q6,2014-11-07 02:25:25.44281,2014-11-07 02:25:51.141499,00:00:25.698689,25.698689
PERF.THRUPUT.QS10.Q6,2014-11-07 02:25:25.448592,2014-11-07 02:25:51.150596,00:00:25.702004,25.702004
PERF.THRUPUT.QS2.Q17,2014-11-07 02:25:51.156991,2014-11-07 02:25:51.907416,00:00:00.750425,0.750425
PERF.THRUPUT.QS6.Q10,2014-11-07 02:25:25.422794,2014-11-07 02:25:53.015452,00:00:27.592658,27.592658
PERF.THRUPUT.QS2.Q14,2014-11-07 02:25:51.926913,2014-11-07 02:26:01.761138,00:00:09.834225,9.834225
PERF.THRUPUT.QS10.Q15,2014-11-07 02:25:51.164554,2014-11-07 02:26:14.885899,00:00:23.721345,23.721345
PERF.THRUPUT.QS4.Q5,2014-11-07 02:25:25.428128,2014-11-07 02:26:33.433117,00:01:08.004989,68.004989
PERF.THRUPUT.RFST1.RF2,2014-11-07 02:25:42.578843,2014-11-07 02:26:36.382538,00:00:53.803695,53.803695
PERF.THRUPUT.RFST1,2014-11-07 02:25:24.762916,2014-11-07 02:26:36.391167,00:01:11.628251,71.628251
PERF.THRUPUT.QS2.Q16,2014-11-07 02:26:01.81214,2014-11-07 02:26:45.803471,00:00:43.991331,43.991331
PERF.THRUPUT.QS2.Q19,2014-11-07 02:26:45.845865,2014-11-07 02:26:47.451947,00:00:01.606082,1.606082
PERF.THRUPUT.RFST2.RF1,2014-11-07 02:26:36.406599,2014-11-07 02:26:52.729129,00:00:16.32253,16.32253
PERF.THRUPUT.QS9.Q13,2014-11-07 02:25:48.631272,2014-11-07 02:26:54.367016,00:01:05.735744,65.735744
PERF.THRUPUT.QS3.Q5,2014-11-07 02:25:48.894972,2014-11-07 02:27:01.031146,00:01:12.136174,72.136174
PERF.THRUPUT.QS6.Q3,2014-11-07 02:25:53.033989,2014-11-07 02:27:01.913702,00:01:08.879713,68.879713
PERF.THRUPUT.QS8.Q1,2014-11-07 02:25:26.954801,2014-11-07 02:27:02.992491,00:01:36.03769,96.03769
PERF.THRUPUT.QS7.Q18,2014-11-07 02:25:25.474963,2014-11-07 02:27:05.743201,00:01:40.268238,100.268238
PERF.THRUPUT.QS9.Q2,2014-11-07 02:26:54.379593,2014-11-07 02:27:07.519439,00:00:13.139846,13.139846
PERF.THRUPUT.QS1.Q21,2014-11-07 02:25:25.443461,2014-11-07 02:27:11.256133,00:01:45.812672,105.812672
PERF.THRUPUT.QS5.Q21,2014-11-07 02:25:25.456585,2014-11-07 02:27:13.806229,00:01:48.349644,108.349644
PERF.THRUPUT.QS9.Q20,2014-11-07 02:27:07.535769,2014-11-07 02:27:19.681007,00:00:12.145238,12.145238
PERF.THRUPUT.QS2.Q10,2014-11-07 02:26:47.495584,2014-11-07 02:27:19.778085,00:00:32.282501,32.282501
PERF.THRUPUT.QS9.Q17,2014-11-07 02:27:19.717014,2014-11-07 02:27:20.521023,00:00:00.804009,0.804009
PERF.THRUPUT.QS6.Q15,2014-11-07 02:27:01.929163,2014-11-07 02:27:26.861703,00:00:24.93254,24.93254
PERF.THRUPUT.QS8.Q15,2014-11-07 02:27:03.005943,2014-11-07 02:27:26.871704,00:00:23.865761,23.865761
PERF.THRUPUT.QS8.Q17,2014-11-07 02:27:26.885109,2014-11-07 02:27:27.789686,00:00:00.904577,0.904577
PERF.THRUPUT.QS7.Q8,2014-11-07 02:27:05.759206,2014-11-07 02:27:33.409093,00:00:27.649887,27.649887
PERF.THRUPUT.QS5.Q15,2014-11-07 02:27:13.820019,2014-11-07 02:27:38.736737,00:00:24.916718,24.916718
PERF.THRUPUT.QS7.Q20,2014-11-07 02:27:33.425213,2014-11-07 02:27:43.679133,00:00:10.25392,10.25392
PERF.THRUPUT.RFST2.RF2,2014-11-07 02:26:52.740901,2014-11-07 02:27:56.4542,00:01:03.713299,63.713299
PERF.THRUPUT.RFST2,2014-11-07 02:26:36.399168,2014-11-07 02:27:56.464541,00:01:20.065373,80.065373
PERF.THRUPUT.QS10.Q18,2014-11-07 02:26:14.901853,2014-11-07 02:27:57.611863,00:01:42.71001,102.71001
PERF.THRUPUT.QS10.Q17,2014-11-07 02:27:57.626985,2014-11-07 02:27:58.281809,00:00:00.654824,0.654824
PERF.THRUPUT.RFST3.RF1,2014-11-07 02:27:56.483165,2014-11-07 02:28:13.646208,00:00:17.163043,17.163043
PERF.THRUPUT.QS1.Q3,2014-11-07 02:27:11.272643,2014-11-07 02:28:17.559837,00:01:06.287194,66.287194
PERF.THRUPUT.QS3.Q4,2014-11-07 02:27:01.046305,2014-11-07 02:28:18.022313,00:01:16.976008,76.976008
PERF.THRUPUT.QS9.Q3,2014-11-07 02:27:20.534609,2014-11-07 02:28:27.724715,00:01:07.190106,67.190106
PERF.THRUPUT.QS4.Q21,2014-11-07 02:26:33.444309,2014-11-07 02:28:31.172803,00:01:57.728494,117.728494
PERF.THRUPUT.QS6.Q13,2014-11-07 02:27:26.879332,2014-11-07 02:28:33.554746,00:01:06.675414,66.675414
PERF.THRUPUT.QS10.Q12,2014-11-07 02:27:58.292381,2014-11-07 02:28:34.243045,00:00:35.950664,35.950664
PERF.THRUPUT.QS8.Q5,2014-11-07 02:27:27.803997,2014-11-07 02:28:39.598564,00:01:11.794567,71.794567
PERF.THRUPUT.QS3.Q6,2014-11-07 02:28:18.038343,2014-11-07 02:28:41.543448,00:00:23.505105,23.505105
PERF.THRUPUT.QS5.Q4,2014-11-07 02:27:38.751652,2014-11-07 02:28:59.769461,00:01:21.017809,81.017809
PERF.THRUPUT.RFST3.RF2,2014-11-07 02:28:13.656622,2014-11-07 02:29:14.593746,00:01:00.937124,60.937124
PERF.THRUPUT.RFST3,2014-11-07 02:27:56.471995,2014-11-07 02:29:14.603757,00:01:18.131762,78.131762
PERF.THRUPUT.QS7.Q21,2014-11-07 02:27:43.696638,2014-11-07 02:29:41.307602,00:01:57.610964,117.610964
PERF.THRUPUT.QS1.Q18,2014-11-07 02:28:17.574997,2014-11-07 02:29:59.923548,00:01:42.348551,102.348551
PERF.THRUPUT.QS2.Q9,2014-11-07 02:27:19.793995,2014-11-07 02:30:36.709669,00:03:16.915674,196.915674
PERF.THRUPUT.QS8.Q10,2014-11-07 02:37:58.680802,2014-11-07 02:38:24.854825,00:00:26.174023,26.174023
PERF.THRUPUT.QS5.Q8,2014-11-07 02:38:31.29076,2014-11-07 02:38:52.344288,00:00:21.053528,21.053528
PERF.THRUPUT.QS4.Q1,2014-11-07 02:38:05.480844,2014-11-07 02:39:35.738935,00:01:30.258091,90.258091
PERF.THRUPUT.QS1.Q22,2014-11-07 02:39:37.46518,2014-11-07 02:39:52.044007,00:00:14.578827,14.578827
PERF.THRUPUT.QS2.Q4,2014-11-07 02:38:49.855885,2014-11-07 02:40:03.664754,00:01:13.808869,73.808869
PERF.THRUPUT.QS2.Q20,2014-11-07 02:40:03.675993,2014-11-07 02:40:12.304924,00:00:08.628931,8.628931
PERF.THRUPUT.QS7.Q7,2014-11-07 02:39:10.323357,2014-11-07 02:40:25.473967,00:01:15.15061,75.15061
PERF.THRUPUT.QS10.Q19,2014-11-07 02:40:27.863422,2014-11-07 02:40:28.980814,00:00:01.117392,1.117392
PERF.THRUPUT.QS3.Q13,2014-11-07 02:39:48.143818,2014-11-07 02:40:48.89873,00:01:00.754912,60.754912
PERF.THRUPUT.QS8.Q21,2014-11-07 02:39:35.427992,2014-11-07 02:41:16.117429,00:01:40.689437,100.689437
PERF.THRUPUT.QS3.Q16,2014-11-07 02:40:48.915136,2014-11-07 02:41:30.779116,00:00:41.86398,41.86398
PERF.THRUPUT.QS9.Q5,2014-11-07 02:40:45.891618,2014-11-07 02:41:53.351326,00:01:07.459708,67.459708
PERF.THRUPUT.QS4.Q7,2014-11-07 02:40:33.539082,2014-11-07 02:41:55.149151,00:01:21.610069,81.610069
PERF.THRUPUT.QS7.Q6,2014-11-07 02:41:32.853594,2014-11-07 02:41:56.559039,00:00:23.705445,23.705445
PERF.THRUPUT.QS7.Q14,2014-11-07 02:41:56.583838,2014-11-07 02:42:07.81091,00:00:11.227072,11.227072
PERF.THRUPUT.QS9.ALL,2014-11-07 02:25:25.440613,2014-11-07 02:42:37.551845,00:17:12.111232,1032.111232
PERF.THRUPUT.QS1.ALL,2014-11-07 02:25:25.428011,2014-11-07 02:42:38.456601,00:17:13.02859,1033.02859
PERF.THRUPUT.QS5.ALL,2014-11-07 02:25:25.440601,2014-11-07 02:43:08.783623,00:17:43.343022,1063.343022
PERF.THRUPUT.QS10.ALL,2014-11-07 02:25:25.429764,2014-11-07 02:43:13.887819,00:17:48.458055,1068.458055
PERF.THRUPUT.QS4.ALL,2014-11-07 02:25:25.414858,2014-11-07 02:43:16.532871,00:17:51.118013,1071.118013
PERF.THRUPUT,2014-11-07 02:25:24.740177,2014-11-07 02:43:16.548504,00:17:51.808327,1071.808327
PERF.THRUPUT.QS4.Q14,2014-11-07 02:28:31.187916,2014-11-07 02:28:40.629073,00:00:09.441157,9.441157
PERF.THRUPUT.QS4.Q19,2014-11-07 02:28:40.642668,2014-11-07 02:28:41.710424,00:00:01.067756,1.067756
PERF.THRUPUT.QS3.Q17,2014-11-07 02:28:41.556718,2014-11-07 02:28:42.223836,00:00:00.667118,0.667118
PERF.THRUPUT.QS9.Q6,2014-11-07 02:28:27.765645,2014-11-07 02:28:51.328887,00:00:23.563242,23.563242
PERF.THRUPUT.QS6.Q6,2014-11-07 02:28:33.569228,2014-11-07 02:28:51.925048,00:00:18.35582,18.35582
PERF.THRUPUT.QS4.Q15,2014-11-07 02:28:41.723858,2014-11-07 02:29:03.71993,00:00:21.996072,21.996072
PERF.THRUPUT.QS4.Q17,2014-11-07 02:29:03.733536,2014-11-07 02:29:04.578216,00:00:00.84468,0.84468
PERF.THRUPUT.QS8.Q8,2014-11-07 02:28:39.611728,2014-11-07 02:29:06.248684,00:00:26.636956,26.636956
PERF.THRUPUT.QS6.Q8,2014-11-07 02:28:51.938104,2014-11-07 02:29:17.6564,00:00:25.718296,25.718296
PERF.THRUPUT.QS5.Q6,2014-11-07 02:28:59.784174,2014-11-07 02:29:21.972424,00:00:22.18825,22.18825
PERF.THRUPUT.RFST4.RF1,2014-11-07 02:29:14.618047,2014-11-07 02:29:29.635001,00:00:15.016954,15.016954
PERF.THRUPUT.QS4.Q12,2014-11-07 02:29:04.59258,2014-11-07 02:29:37.290581,00:00:32.698001,32.698001
PERF.THRUPUT.QS7.Q2,2014-11-07 02:29:41.320351,2014-11-07 02:29:52.831494,00:00:11.511143,11.511143
PERF.THRUPUT.QS4.Q6,2014-11-07 02:29:37.305132,2014-11-07 02:29:59.695246,00:00:22.390114,22.390114
PERF.THRUPUT.QS3.Q7,2014-11-07 02:28:42.236034,2014-11-07 02:30:04.722745,00:01:22.486711,82.486711
PERF.THRUPUT.QS10.Q1,2014-11-07 02:28:34.257821,2014-11-07 02:30:12.160975,00:01:37.903154,97.903154
PERF.THRUPUT.RFST4.RF2,2014-11-07 02:29:29.646238,2014-11-07 02:30:27.150998,00:00:57.50476,57.50476
PERF.THRUPUT.RFST4,2014-11-07 02:29:14.611021,2014-11-07 02:30:27.16086,00:01:12.549839,72.549839
PERF.THRUPUT.QS5.Q7,2014-11-07 02:29:22.015967,2014-11-07 02:30:35.873649,00:01:13.857682,73.857682
PERF.THRUPUT.QS9.Q21,2014-11-07 02:28:51.342866,2014-11-07 02:30:41.077284,00:01:49.734418,109.734418
PERF.THRUPUT.RFST5.RF1,2014-11-07 02:30:27.178418,2014-11-07 02:30:41.170661,00:00:13.992243,13.992243
PERF.THRUPUT.QS2.Q2,2014-11-07 02:30:36.746359,2014-11-07 02:30:46.885322,00:00:10.138963,10.138963
PERF.THRUPUT.QS7.Q4,2014-11-07 02:29:52.847309,2014-11-07 02:31:04.323584,00:01:11.476275,71.476275
PERF.THRUPUT.QS1.Q5,2014-11-07 02:29:59.938856,2014-11-07 02:31:05.521535,00:01:05.582679,65.582679
PERF.THRUPUT.QS1.Q11,2014-11-07 02:31:05.537558,2014-11-07 02:31:08.461233,00:00:02.923675,2.923675
PERF.THRUPUT.QS4.Q4,2014-11-07 02:29:59.713915,2014-11-07 02:31:09.349854,00:01:09.635939,69.635939
PERF.THRUPUT.QS2.Q15,2014-11-07 02:30:46.899954,2014-11-07 02:31:14.278943,00:00:27.378989,27.378989
PERF.THRUPUT.QS7.Q22,2014-11-07 02:31:04.340736,2014-11-07 02:31:17.598895,00:00:13.258159,13.258159
PERF.THRUPUT.QS5.Q16,2014-11-07 02:30:35.904031,2014-11-07 02:31:18.486844,00:00:42.582813,42.582813
PERF.THRUPUT.QS7.Q17,2014-11-07 02:31:17.612566,2014-11-07 02:31:18.63049,00:00:01.017924,1.017924
PERF.THRUPUT.QS5.Q19,2014-11-07 02:31:18.52432,2014-11-07 02:31:19.930605,00:00:01.406285,1.406285
PERF.THRUPUT.QS10.Q7,2014-11-07 02:30:12.175262,2014-11-07 02:31:24.577272,00:01:12.40201,72.40201
PERF.THRUPUT.QS10.Q2,2014-11-07 02:31:24.591702,2014-11-07 02:31:35.269523,00:00:10.677821,10.677821
PERF.THRUPUT.RFST5.RF2,2014-11-07 02:30:41.181316,2014-11-07 02:31:38.324284,00:00:57.142968,57.142968
PERF.THRUPUT.RFST5,2014-11-07 02:30:27.167465,2014-11-07 02:31:38.333476,00:01:11.166011,71.166011
PERF.THRUPUT.QS3.Q1,2014-11-07 02:30:04.769974,2014-11-07 02:31:38.403229,00:01:33.633255,93.633255
PERF.THRUPUT.QS2.Q8,2014-11-07 02:31:14.294291,2014-11-07 02:31:39.095013,00:00:24.800722,24.800722
PERF.THRUPUT.QS10.Q22,2014-11-07 02:31:35.28406,2014-11-07 02:31:48.00618,00:00:12.72212,12.72212
PERF.THRUPUT.RFST6.RF1,2014-11-07 02:31:38.354777,2014-11-07 02:31:51.862285,00:00:13.507508,13.507508
PERF.THRUPUT.QS8.Q9,2014-11-07 02:29:06.262831,2014-11-07 02:32:15.66687,00:03:09.404039,189.404039
PERF.THRUPUT.QS6.Q9,2014-11-07 02:29:17.670764,2014-11-07 02:32:15.943599,00:02:58.272835,178.272835
PERF.THRUPUT.QS9.Q18,2014-11-07 02:30:41.103735,2014-11-07 02:32:17.260107,00:01:36.156372,96.156372
PERF.THRUPUT.QS9.Q11,2014-11-07 02:32:17.277394,2014-11-07 02:32:20.580093,00:00:03.302699,3.302699
PERF.THRUPUT.QS9.Q19,2014-11-07 02:32:20.593735,2014-11-07 02:32:21.805987,00:00:01.212252,1.212252
PERF.THRUPUT.QS1.Q7,2014-11-07 02:31:08.476742,2014-11-07 02:32:24.56559,00:01:16.088848,76.088848
PERF.THRUPUT.RFST6.RF2,2014-11-07 02:31:51.87043,2014-11-07 02:32:42.462515,00:00:50.592085,50.592085
PERF.THRUPUT.RFST6,2014-11-07 02:31:38.342987,2014-11-07 02:32:42.472867,00:01:04.12988,64.12988
PERF.THRUPUT.QS3.Q2,2014-11-07 02:37:59.211599,2014-11-07 02:38:08.160449,00:00:08.94885,8.94885
PERF.THRUPUT.QS1.Q6,2014-11-07 02:32:24.5992,2014-11-07 02:32:45.048605,00:00:20.449405,20.449405
PERF.THRUPUT.QS8.Q12,2014-11-07 02:32:15.681032,2014-11-07 02:32:45.05133,00:00:29.370298,29.370298
PERF.THRUPUT.QS2.Q5,2014-11-07 02:31:39.10841,2014-11-07 02:32:45.333312,00:01:06.224902,66.224902
PERF.THRUPUT.QS9.Q10,2014-11-07 02:32:21.820954,2014-11-07 02:32:45.564039,00:00:23.743085,23.743085
PERF.THRUPUT.QS7.Q1,2014-11-07 02:31:18.64481,2014-11-07 02:32:50.381284,00:01:31.736474,91.736474
PERF.THRUPUT.QS10.Q13,2014-11-07 02:31:48.049172,2014-11-07 02:32:51.555777,00:01:03.506605,63.506605
PERF.THRUPUT.QS7.Q11,2014-11-07 02:32:50.412631,2014-11-07 02:32:55.562936,00:00:05.150305,5.150305
PERF.THRUPUT.QS1.Q20,2014-11-07 02:32:45.062948,2014-11-07 02:32:55.938704,00:00:10.875756,10.875756
PERF.THRUPUT.RFST7.RF1,2014-11-07 02:32:42.48925,2014-11-07 02:32:56.515778,00:00:14.026528,14.026528
PERF.THRUPUT.QS5.Q18,2014-11-07 02:31:19.941865,2014-11-07 02:32:56.573082,00:01:36.631217,96.631217
PERF.THRUPUT.QS8.Q14,2014-11-07 02:32:45.065447,2014-11-07 02:32:56.858067,00:00:11.79262,11.79262
PERF.THRUPUT.QS1.Q17,2014-11-07 02:32:55.9686,2014-11-07 02:32:56.986094,00:00:01.017494,1.017494
PERF.THRUPUT.QS2.Q22,2014-11-07 02:32:45.349681,2014-11-07 02:33:00.621012,00:00:15.271331,15.271331
PERF.THRUPUT.QS5.Q14,2014-11-07 02:32:56.589319,2014-11-07 02:33:09.796041,00:00:13.206722,13.206722
PERF.THRUPUT.QS9.Q15,2014-11-07 02:32:45.577528,2014-11-07 02:33:10.814458,00:00:25.23693,25.23693
PERF.THRUPUT.QS3.Q18,2014-11-07 02:31:38.418934,2014-11-07 02:33:19.692563,00:01:41.273629,101.273629
PERF.THRUPUT.QS5.Q20,2014-11-07 02:38:52.35837,2014-11-07 02:39:02.935266,00:00:10.576896,10.576896
PERF.THRUPUT.QS5.Q22,2014-11-07 02:33:09.813056,2014-11-07 02:33:27.110637,00:00:17.297581,17.297581
PERF.THRUPUT.QS2.Q12,2014-11-07 02:33:00.634304,2014-11-07 02:33:31.270952,00:00:30.636648,30.636648
PERF.THRUPUT.QS1.Q12,2014-11-07 02:32:57.000196,2014-11-07 02:33:31.281138,00:00:34.280942,34.280942
PERF.THRUPUT.QS5.Q11,2014-11-07 02:33:27.130101,2014-11-07 02:33:31.866634,00:00:04.736533,4.736533
PERF.THRUPUT.QS4.Q9,2014-11-07 02:31:09.365238,2014-11-07 02:34:40.469346,00:03:31.104108,211.104108
PERF.THRUPUT.QS10.Q21,2014-11-07 02:32:51.580881,2014-11-07 02:34:40.759339,00:01:49.178458,109.178458
PERF.THRUPUT.QS2.Q7,2014-11-07 02:33:31.284787,2014-11-07 02:34:44.777889,00:01:13.493102,73.493102
PERF.THRUPUT.QS7.Q9,2014-11-07 02:32:55.590923,2014-11-07 02:35:56.28001,00:03:00.689087,180.689087
PERF.THRUPUT.QS5.Q17,2014-11-07 02:39:31.642305,2014-11-07 02:39:32.448037,00:00:00.805732,0.805732
PERF.THRUPUT.QS8.Q2,2014-11-07 02:39:24.888001,2014-11-07 02:39:35.411119,00:00:10.523118,10.523118
PERF.THRUPUT.QS10.Q3,2014-11-07 02:38:31.625381,2014-11-07 02:39:35.704016,00:01:04.078635,64.078635
PERF.THRUPUT.QS3.Q21,2014-11-07 02:38:08.181962,2014-11-07 02:39:46.895718,00:01:38.713756,98.713756
PERF.THRUPUT.QS10.Q16,2014-11-07 02:39:35.717236,2014-11-07 02:40:18.831865,00:00:43.114629,43.114629
PERF.THRUPUT.QS6.Q16,2014-11-07 02:39:46.44351,2014-11-07 02:40:27.722963,00:00:41.279453,41.279453
PERF.THRUPUT.QS10.Q11,2014-11-07 02:40:28.999042,2014-11-07 02:40:31.982524,00:00:02.983482,2.983482
PERF.THRUPUT.QS9.Q14,2014-11-07 02:40:36.460616,2014-11-07 02:40:45.874269,00:00:09.413653,9.413653
PERF.THRUPUT.QS6.Q19,2014-11-07 02:40:46.084191,2014-11-07 02:40:47.456872,00:00:01.372681,1.372681
PERF.THRUPUT.QS7.Q10,2014-11-07 02:40:25.489402,2014-11-07 02:40:52.428012,00:00:26.93861,26.93861
PERF.THRUPUT.QS2.Q3,2014-11-07 02:40:12.318859,2014-11-07 02:41:13.659849,00:01:01.34099,61.34099
PERF.THRUPUT.QS2.Q11,2014-11-07 02:41:13.676436,2014-11-07 02:41:17.588655,00:00:03.912219,3.912219
PERF.THRUPUT.QS1.Q1,2014-11-07 02:39:52.062163,2014-11-07 02:41:22.231651,00:01:30.169488,90.169488
PERF.THRUPUT.QS7.Q16,2014-11-07 02:40:52.443664,2014-11-07 02:41:32.838675,00:00:40.395011,40.395011
PERF.THRUPUT.QS10.Q8,2014-11-07 02:41:44.514945,2014-11-07 02:42:10.651627,00:00:26.136682,26.136682
PERF.THRUPUT.QS9.Q16,2014-11-07 02:41:53.365142,2014-11-07 02:42:37.539645,00:00:44.174503,44.174503
PERF.THRUPUT.QS1.Q4,2014-11-07 02:41:22.244372,2014-11-07 02:42:38.446,00:01:16.201628,76.201628
PERF.THRUPUT.QS6.ALL,2014-11-07 02:25:25.408329,2014-11-07 02:42:39.963115,00:17:14.554786,1034.554786
PERF.THRUPUT.QS8.ALL,2014-11-07 02:25:25.424105,2014-11-07 02:42:56.126898,00:17:30.702793,1050.702793
PERF.THRUPUT.QS7.Q12,2014-11-07 02:42:32.204507,2014-11-07 02:43:00.324672,00:00:28.120165,28.120165
PERF.THRUPUT.QS2.Q21,2014-11-07 02:41:17.602421,2014-11-07 02:43:00.414558,00:01:42.812137,102.812137
PERF.THRUPUT.QS3.Q3,2014-11-07 02:41:59.065006,2014-11-07 02:43:02.953468,00:01:03.888462,63.888462
PERF.THRUPUT.QS3.ALL,2014-11-07 02:25:25.439446,2014-11-07 02:43:02.962721,00:17:37.523275,1057.523275
PERF.THRUPUT.QS10.Q5,2014-11-07 02:42:10.669633,2014-11-07 02:43:13.876632,00:01:03.206999,63.206999
PERF.THRUPUT.QS4.Q20,2014-11-07 02:43:08.417046,2014-11-07 02:43:16.519554,00:00:08.102508,8.102508
PERF.THRUPUT.QS6.Q7,2014-11-07 02:32:15.95916,2014-11-07 02:33:34.044819,00:01:18.085659,78.085659
PERF.THRUPUT.QS3.Q22,2014-11-07 02:33:19.708466,2014-11-07 02:33:34.472681,00:00:14.764215,14.764215
PERF.THRUPUT.QS3.Q14,2014-11-07 02:33:34.486509,2014-11-07 02:33:45.659525,00:00:11.173016,11.173016
PERF.THRUPUT.RFST7.RF2,2014-11-07 02:32:56.532666,2014-11-07 02:33:54.817009,00:00:58.284343,58.284343
PERF.THRUPUT.RFST7,2014-11-07 02:32:42.480289,2014-11-07 02:33:54.827856,00:01:12.347567,72.347567
PERF.THRUPUT.RFST8.RF1,2014-11-07 02:33:54.845533,2014-11-07 02:34:07.042138,00:00:12.196605,12.196605
PERF.THRUPUT.QS1.Q16,2014-11-07 02:33:31.292388,2014-11-07 02:34:13.754876,00:00:42.462488,42.462488
PERF.THRUPUT.QS8.Q7,2014-11-07 02:32:56.871957,2014-11-07 02:34:14.54477,00:01:17.672813,77.672813
PERF.THRUPUT.QS9.Q4,2014-11-07 02:33:10.831877,2014-11-07 02:34:28.312498,00:01:17.480621,77.480621
PERF.THRUPUT.QS5.Q13,2014-11-07 02:33:31.882123,2014-11-07 02:34:35.634317,00:01:03.752194,63.752194
PERF.THRUPUT.QS1.Q15,2014-11-07 02:34:13.77094,2014-11-07 02:34:36.854645,00:00:23.083705,23.083705
PERF.THRUPUT.QS9.Q22,2014-11-07 02:34:28.327327,2014-11-07 02:34:42.957716,00:00:14.630389,14.630389
PERF.THRUPUT.QS6.Q4,2014-11-07 02:33:34.055511,2014-11-07 02:34:45.152746,00:01:11.097235,71.097235
PERF.THRUPUT.QS6.Q11,2014-11-07 02:34:45.168425,2014-11-07 02:34:49.094932,00:00:03.926507,3.926507
PERF.THRUPUT.RFST8.RF2,2014-11-07 02:34:07.053867,2014-11-07 02:34:59.14116,00:00:52.087293,52.087293
PERF.THRUPUT.RFST8,2014-11-07 02:33:54.836512,2014-11-07 02:34:59.150316,00:01:04.313804,64.313804
PERF.THRUPUT.QS6.Q22,2014-11-07 02:34:49.110087,2014-11-07 02:35:01.492839,00:00:12.382752,12.382752
PERF.THRUPUT.QS4.Q8,2014-11-07 02:34:40.484683,2014-11-07 02:35:04.816082,00:00:24.331399,24.331399
PERF.THRUPUT.QS10.Q10,2014-11-07 02:34:40.772981,2014-11-07 02:35:07.266108,00:00:26.493127,26.493127
PERF.THRUPUT.RFST9.RF1,2014-11-07 02:34:59.167211,2014-11-07 02:35:10.700279,00:00:11.533068,11.533068
PERF.THRUPUT.QS10.Q14,2014-11-07 02:35:07.293998,2014-11-07 02:35:17.101369,00:00:09.807371,9.807371
PERF.THRUPUT.QS8.Q4,2014-11-07 02:34:14.559266,2014-11-07 02:35:29.175922,00:01:14.616656,74.616656
PERF.THRUPUT.QS1.Q13,2014-11-07 02:34:36.869544,2014-11-07 02:35:37.175844,00:01:00.3063,60.3063
PERF.THRUPUT.QS5.Q3,2014-11-07 02:34:35.649785,2014-11-07 02:35:37.986091,00:01:02.336306,62.336306
PERF.THRUPUT.QS2.Q13,2014-11-07 02:34:44.791671,2014-11-07 02:35:41.647099,00:00:56.855428,56.855428
PERF.THRUPUT.QS4.Q16,2014-11-07 02:35:04.829085,2014-11-07 02:35:46.677697,00:00:41.848612,41.848612
PERF.THRUPUT.QS4.Q11,2014-11-07 02:35:46.694402,2014-11-07 02:35:49.973317,00:00:03.278915,3.278915
PERF.THRUPUT.QS7.Q19,2014-11-07 02:35:56.294283,2014-11-07 02:35:57.613921,00:00:01.319638,1.319638
PERF.THRUPUT.QS4.Q2,2014-11-07 02:35:49.989597,2014-11-07 02:35:59.8278,00:00:09.838203,9.838203
PERF.THRUPUT.QS1.Q10,2014-11-07 02:35:37.188757,2014-11-07 02:36:03.816926,00:00:26.628169,26.628169
PERF.THRUPUT.RFST9.RF2,2014-11-07 02:35:10.708037,2014-11-07 02:36:04.678093,00:00:53.970056,53.970056
PERF.THRUPUT.RFST9,2014-11-07 02:34:59.158575,2014-11-07 02:36:04.691199,00:01:05.532624,65.532624
PERF.THRUPUT.QS1.Q2,2014-11-07 02:36:03.83035,2014-11-07 02:36:12.839786,00:00:09.009436,9.009436
PERF.THRUPUT.QS9.Q1,2014-11-07 02:34:42.973736,2014-11-07 02:36:15.167415,00:01:32.193679,92.193679
PERF.THRUPUT.RFST10.RF1,2014-11-07 02:36:04.70315,2014-11-07 02:36:17.291656,00:00:12.588506,12.588506
PERF.THRUPUT.QS4.Q10,2014-11-07 02:35:59.842825,2014-11-07 02:36:31.0755,00:00:31.232675,31.232675
PERF.THRUPUT.QS8.Q3,2014-11-07 02:35:29.190017,2014-11-07 02:36:33.658372,00:01:04.468355,64.468355
PERF.THRUPUT.QS6.Q18,2014-11-07 02:35:01.50703,2014-11-07 02:36:36.959694,00:01:35.452664,95.452664
PERF.THRUPUT.QS1.Q8,2014-11-07 02:36:12.857757,2014-11-07 02:36:38.613831,00:00:25.756074,25.756074
PERF.THRUPUT.QS8.Q20,2014-11-07 02:36:33.67275,2014-11-07 02:36:43.61893,00:00:09.94618,9.94618
PERF.THRUPUT.QS1.Q14,2014-11-07 02:36:38.6293,2014-11-07 02:36:47.980409,00:00:09.351109,9.351109
PERF.THRUPUT.QS1.Q19,2014-11-07 02:36:47.993829,2014-11-07 02:36:49.041398,00:00:01.047569,1.047569
PERF.THRUPUT.QS3.Q9,2014-11-07 02:33:45.673776,2014-11-07 02:36:51.588041,00:03:05.914265,185.914265
PERF.THRUPUT.QS7.Q3,2014-11-07 02:35:57.627423,2014-11-07 02:37:04.038463,00:01:06.41104,66.41104
PERF.THRUPUT.QS6.Q12,2014-11-07 02:36:36.975774,2014-11-07 02:37:07.596183,00:00:30.620409,30.620409
PERF.THRUPUT.QS5.Q1,2014-11-07 02:35:38.007733,2014-11-07 02:37:13.224354,00:01:35.216621,95.216621
PERF.THRUPUT.RFST10.RF2,2014-11-07 02:36:17.304362,2014-11-07 02:37:17.926449,00:01:00.622087,60.622087
PERF.THRUPUT.RFST10,2014-11-07 02:36:04.697502,2014-11-07 02:37:17.935206,00:01:13.237704,73.237704
PERF.THRUPUT.QS3.Q10,2014-11-07 02:36:51.610159,2014-11-07 02:37:19.078754,00:00:27.468595,27.468595
PERF.THRUPUT.QS2.Q18,2014-11-07 02:35:41.659778,2014-11-07 02:37:19.628507,00:01:37.968729,97.968729
PERF.THRUPUT.QS5.Q2,2014-11-07 02:37:13.237797,2014-11-07 02:37:22.970559,00:00:09.732762,9.732762
PERF.THRUPUT.QS9.Q7,2014-11-07 02:36:15.187747,2014-11-07 02:37:24.243917,00:01:09.05617,69.05617
PERF.THRUPUT.QS8.Q16,2014-11-07 02:36:43.629498,2014-11-07 02:37:26.009455,00:00:42.379957,42.379957
PERF.THRUPUT.QS3.Q15,2014-11-07 02:37:19.094303,2014-11-07 02:37:44.937605,00:00:25.843302,25.843302
PERF.THRUPUT.QS8.Q6,2014-11-07 02:37:26.024606,2014-11-07 02:37:45.42764,00:00:19.403034,19.403034
PERF.THRUPUT.QS9.Q12,2014-11-07 02:37:24.25914,2014-11-07 02:37:47.501207,00:00:23.242067,23.242067
PERF.THRUPUT.QS3.Q11,2014-11-07 02:37:44.955664,2014-11-07 02:37:48.890807,00:00:03.935143,3.935143
PERF.THRUPUT.QS8.Q22,2014-11-07 02:37:45.442096,2014-11-07 02:37:58.668197,00:00:13.226101,13.226101
PERF.THRUPUT.QS3.Q20,2014-11-07 02:37:48.903998,2014-11-07 02:37:59.201069,00:00:10.297071,10.297071
PERF.THRUPUT.QS7.Q13,2014-11-07 02:37:04.054046,2014-11-07 02:38:05.167186,00:01:01.11314,61.11314
PERF.THRUPUT.QS4.Q18,2014-11-07 02:36:31.089355,2014-11-07 02:38:05.465678,00:01:34.376323,94.376323
PERF.THRUPUT.QS5.Q5,2014-11-07 02:37:22.984581,2014-11-07 02:38:31.276893,00:01:08.292312,68.292312
PERF.THRUPUT.QS10.Q9,2014-11-07 02:35:17.116834,2014-11-07 02:38:31.613755,00:03:14.496921,194.496921
PERF.THRUPUT.QS6.Q1,2014-11-07 02:37:07.612757,2014-11-07 02:38:37.385662,00:01:29.772905,89.772905
PERF.THRUPUT.QS2.Q1,2014-11-07 02:37:19.648497,2014-11-07 02:38:49.842189,00:01:30.193692,90.193692
PERF.THRUPUT.QS7.Q5,2014-11-07 02:38:05.181523,2014-11-07 02:39:10.312805,00:01:05.131282,65.131282
PERF.THRUPUT.QS8.Q13,2014-11-07 02:38:24.868282,2014-11-07 02:39:24.873868,00:01:00.005586,60.005586
PERF.THRUPUT.QS5.Q12,2014-11-07 02:39:02.94949,2014-11-07 02:39:31.629749,00:00:28.680259,28.680259
PERF.THRUPUT.QS1.Q9,2014-11-07 02:36:49.056283,2014-11-07 02:39:37.448386,00:02:48.392103,168.392103
PERF.THRUPUT.QS6.Q5,2014-11-07 02:38:37.405273,2014-11-07 02:39:46.430386,00:01:09.025113,69.025113
PERF.THRUPUT.QS3.Q19,2014-11-07 02:39:46.911585,2014-11-07 02:39:48.130345,00:00:01.21876,1.21876
PERF.THRUPUT.QS5.Q10,2014-11-07 02:39:32.462792,2014-11-07 02:40:01.192474,00:00:28.729682,28.729682
PERF.THRUPUT.QS10.Q20,2014-11-07 02:40:18.843294,2014-11-07 02:40:27.849392,00:00:09.006098,9.006098
PERF.THRUPUT.QS4.Q13,2014-11-07 02:39:35.752468,2014-11-07 02:40:33.523989,00:00:57.771521,57.771521
PERF.THRUPUT.QS9.Q9,2014-11-07 02:37:47.516227,2014-11-07 02:40:36.444044,00:02:48.927817,168.927817
PERF.THRUPUT.QS6.Q2,2014-11-07 02:40:27.742421,2014-11-07 02:40:37.459601,00:00:09.71718,9.71718
PERF.THRUPUT.QS6.Q14,2014-11-07 02:40:37.475836,2014-11-07 02:40:46.069961,00:00:08.594125,8.594125
PERF.THRUPUT.QS6.Q20,2014-11-07 02:40:47.47775,2014-11-07 02:40:57.791896,00:00:10.314146,10.314146
PERF.THRUPUT.QS6.Q17,2014-11-07 02:40:57.807394,2014-11-07 02:40:58.66176,00:00:00.854366,0.854366
PERF.THRUPUT.QS10.Q4,2014-11-07 02:40:31.993007,2014-11-07 02:41:44.499747,00:01:12.50674,72.50674
PERF.THRUPUT.QS3.Q12,2014-11-07 02:41:30.796238,2014-11-07 02:41:59.050331,00:00:28.254093,28.254093
PERF.THRUPUT.QS4.Q22,2014-11-07 02:41:55.166313,2014-11-07 02:42:09.217004,00:00:14.050691,14.050691
PERF.THRUPUT.QS7.Q15,2014-11-07 02:42:07.825509,2014-11-07 02:42:32.189619,00:00:24.36411,24.36411
PERF.THRUPUT.QS6.Q21,2014-11-07 02:40:58.676231,2014-11-07 02:42:39.951526,00:01:41.275295,101.275295
PERF.THRUPUT.QS8.Q18,2014-11-07 02:41:16.132374,2014-11-07 02:42:52.132235,00:01:35.999861,95.999861
PERF.THRUPUT.QS8.Q11,2014-11-07 02:42:52.152926,2014-11-07 02:42:56.115174,00:00:03.962248,3.962248
PERF.THRUPUT.QS7.ALL,2014-11-07 02:25:25.462252,2014-11-07 02:43:00.338894,00:17:34.876642,1054.876642
PERF.THRUPUT.QS2.ALL,2014-11-07 02:25:25.428679,2014-11-07 02:43:00.427192,00:17:34.998513,1054.998513
PERF.THRUPUT.QS4.Q3,2014-11-07 02:42:09.231368,2014-11-07 02:43:08.402665,00:00:59.171297,59.171297
PERF.THRUPUT.QS5.Q9,2014-11-07 02:40:01.206809,2014-11-07 02:43:08.772973,00:03:07.566164,187.566164
