# hostname;interval;timestamp;CPU;%user;%nice;%system;%iowait;%steal;%idle
axle;60;1415326382;-1;2.95;0.00;0.44;0.00;0.00;96.60
axle;60;1415326382;0;5.90;0.00;8.03;0.00;0.00;86.07
axle;60;1415326382;1;0.12;0.00;0.18;0.02;0.00;99.68
axle;60;1415326382;2;2.10;0.00;0.88;0.00;0.00;97.02
axle;60;1415326382;3;0.72;0.00;0.28;0.00;0.00;99.00
axle;60;1415326382;4;0.07;0.00;0.07;0.00;0.00;99.87
axle;60;1415326382;5;0.00;0.00;0.00;0.00;0.00;100.00
axle;60;1415326382;6;0.00;0.00;0.00;0.00;0.00;100.00
axle;60;1415326382;7;0.00;0.00;0.00;0.00;0.00;100.00
axle;60;1415326382;8;0.00;0.00;0.25;0.03;0.00;99.72
axle;60;1415326382;9;6.19;0.00;2.38;0.02;0.00;91.41
axle;60;1415326382;10;44.34;0.00;6.40;0.00;0.00;49.26
axle;60;1415326382;11;0.00;0.00;0.00;0.00;0.00;100.00
axle;60;1415326382;12;0.07;0.00;0.13;0.03;0.00;99.77
axle;60;1415326382;13;0.02;0.00;0.00;0.00;0.00;99.98
axle;60;1415326382;14;0.07;0.00;0.02;0.00;0.00;99.92
axle;60;1415326382;15;0.00;0.00;0.00;0.00;0.00;100.00
axle;60;1415326382;16;0.03;0.00;0.00;0.00;0.00;99.97
axle;60;1415326382;17;0.02;0.00;0.00;0.00;0.00;99.98
axle;60;1415326382;18;8.07;0.00;3.57;0.00;0.00;88.36
axle;60;1415326382;19;0.02;0.00;0.03;0.00;0.00;99.95
axle;60;1415326382;20;0.05;0.00;0.07;0.00;0.00;99.88
axle;60;1415326382;21;0.00;0.00;0.00;0.00;0.00;100.00
axle;60;1415326382;22;1.02;0.00;2.02;0.00;0.00;96.97
axle;60;1415326382;23;0.00;0.00;0.00;0.00;0.00;100.00
axle;60;1415326382;24;99.87;0.00;0.13;0.00;0.00;0.00
axle;60;1415326382;25;0.50;0.00;0.27;0.00;0.00;99.23
axle;60;1415326382;26;0.07;0.00;0.05;0.00;0.00;99.88
axle;60;1415326382;27;1.34;0.00;0.73;0.00;0.00;97.93
axle;60;1415326382;28;0.12;0.00;0.27;0.00;0.00;99.62
axle;60;1415326382;29;0.10;0.00;0.15;0.00;0.00;99.75
axle;60;1415326382;30;0.10;0.00;0.13;0.00;0.00;99.77
axle;60;1415326382;31;2.68;0.00;0.55;0.05;0.00;96.72
axle;60;1415326382;32;0.03;0.00;0.02;0.00;0.00;99.95
axle;60;1415326382;33;9.74;0.00;0.37;0.03;0.00;89.86
axle;60;1415326382;34;0.00;0.00;0.02;0.00;0.00;99.98
axle;60;1415326382;35;0.02;0.00;0.00;0.00;0.00;99.98
axle;60;1415326382;36;0.02;0.00;0.00;0.00;0.00;99.98
axle;60;1415326382;37;0.00;0.00;0.00;0.00;0.00;100.00
axle;60;1415326382;38;0.00;0.00;0.02;0.00;0.00;99.98
axle;60;1415326382;39;0.02;0.00;0.00;0.00;0.00;99.98
axle;60;1415326382;40;0.00;0.00;0.00;0.00;0.00;100.00
axle;60;1415326382;41;0.07;0.00;0.13;0.00;0.00;99.80
axle;60;1415326382;42;0.00;0.00;0.00;0.00;0.00;100.00
axle;60;1415326382;43;0.00;0.00;0.00;0.00;0.00;100.00
axle;60;1415326382;44;0.00;0.00;0.00;0.00;0.00;100.00
axle;60;1415326382;45;0.00;0.00;0.00;0.00;0.00;100.00
axle;60;1415326382;46;0.00;0.00;0.00;0.00;0.00;100.00
axle;60;1415326382;47;0.00;0.00;0.00;0.00;0.00;100.00
axle;60;1415326382;48;0.00;0.00;0.00;0.00;0.00;100.00
axle;60;1415326382;49;0.63;0.00;0.38;0.00;0.00;98.98
axle;60;1415326382;50;0.00;0.00;0.00;0.00;0.00;100.00
axle;60;1415326382;51;0.02;0.00;0.02;0.00;0.00;99.97
axle;60;1415326382;52;0.00;0.00;0.00;0.00;0.00;100.00
axle;60;1415326382;53;0.00;0.00;0.00;0.00;0.00;100.00
axle;60;1415326382;54;0.00;0.00;0.00;0.00;0.00;100.00
axle;60;1415326382;55;0.00;0.00;0.00;0.00;0.00;100.00
axle;60;1415326382;56;0.00;0.00;0.00;0.00;0.00;100.00
axle;60;1415326382;57;0.10;0.00;0.12;0.00;0.00;99.78
axle;60;1415326382;58;0.00;0.00;0.00;0.00;0.00;100.00
axle;60;1415326382;59;0.00;0.00;0.00;0.00;0.00;100.00
axle;60;1415326382;60;0.00;0.00;0.00;0.00;0.00;100.00
axle;60;1415326382;61;0.00;0.00;0.00;0.00;0.00;100.00
axle;60;1415326382;62;0.00;0.00;0.00;0.00;0.00;100.00
axle;60;1415326382;63;4.69;0.00;0.63;0.00;0.00;94.68
axle;60;1415326442;-1;3.16;0.00;0.22;0.01;0.00;96.61
axle;60;1415326442;0;0.02;0.00;0.02;0.00;0.00;99.97
axle;60;1415326442;1;66.21;0.00;1.55;0.00;0.00;32.24
axle;60;1415326442;2;0.00;0.00;0.02;0.00;0.00;99.98
axle;60;1415326442;3;0.00;0.00;0.00;0.00;0.00;100.00
axle;60;1415326442;4;0.05;0.00;0.47;0.00;0.00;99.48
axle;60;1415326442;5;0.02;0.00;0.02;0.00;0.00;99.97
axle;60;1415326442;6;0.00;0.00;0.02;0.00;0.00;99.98
axle;60;1415326442;7;0.00;0.00;0.00;0.00;0.00;100.00
axle;60;1415326442;8;0.00;0.00;0.00;0.00;0.00;100.00
axle;60;1415326442;9;0.00;0.00;0.02;0.00;0.00;99.98
axle;60;1415326442;10;25.35;0.00;6.90;0.00;0.00;67.74
axle;60;1415326442;11;0.00;0.00;0.05;0.00;0.00;99.95
axle;60;1415326442;12;0.07;0.00;0.07;0.00;0.00;99.87
axle;60;1415326442;13;0.00;0.00;0.00;0.00;0.00;100.00
axle;60;1415326442;14;0.03;0.00;0.07;0.00;0.00;99.90
axle;60;1415326442;15;0.00;0.00;0.02;0.00;0.00;99.98
axle;60;1415326442;16;0.02;0.00;0.00;0.00;0.00;99.98
axle;60;1415326442;17;0.00;0.00;0.00;0.00;0.00;100.00
axle;60;1415326442;18;0.02;0.00;0.00;0.00;0.00;99.98
axle;60;1415326442;19;0.03;0.00;0.00;0.00;0.00;99.97
axle;60;1415326442;20;0.03;0.00;0.00;0.00;0.00;99.97
axle;60;1415326442;21;0.00;0.00;0.00;0.00;0.00;100.00
axle;60;1415326442;22;1.00;0.00;2.03;0.00;0.00;96.97
axle;60;1415326442;23;0.00;0.00;0.00;0.00;0.00;100.00
axle;60;1415326442;24;99.77;0.00;0.23;0.00;0.00;0.00
axle;60;1415326442;25;0.32;0.00;0.15;0.07;0.00;99.47
axle;60;1415326442;26;0.33;0.00;0.18;0.03;0.00;99.45
axle;60;1415326442;27;1.17;0.00;0.62;0.05;0.00;98.16
axle;60;1415326442;28;0.03;0.00;0.08;0.05;0.00;99.83
axle;60;1415326442;29;0.32;0.00;0.47;0.05;0.00;99.16
axle;60;1415326442;30;0.03;0.00;0.07;0.02;0.00;99.88
axle;60;1415326442;31;0.00;0.00;0.02;0.02;0.00;99.97
axle;60;1415326442;32;0.00;0.00;0.00;0.00;0.00;100.00
axle;60;1415326442;33;0.00;0.00;0.00;0.00;0.00;100.00
axle;60;1415326442;34;0.00;0.00;0.02;0.00;0.00;99.98
axle;60;1415326442;35;0.00;0.00;0.00;0.00;0.00;100.00
axle;60;1415326442;36;0.00;0.00;0.00;0.00;0.00;100.00
axle;60;1415326442;37;0.00;0.00;0.00;0.00;0.00;100.00
axle;60;1415326442;38;0.02;0.00;0.00;0.00;0.00;99.98
axle;60;1415326442;39;0.00;0.00;0.00;0.00;0.00;100.00
axle;60;1415326442;40;0.00;0.00;0.00;0.00;0.00;100.00
axle;60;1415326442;41;0.02;0.00;0.25;0.00;0.00;99.73
axle;60;1415326442;42;0.00;0.00;0.00;0.00;0.00;100.00
axle;60;1415326442;43;0.00;0.00;0.00;0.00;0.00;100.00
axle;60;1415326442;44;0.00;0.00;0.00;0.00;0.00;100.00
axle;60;1415326442;45;0.00;0.00;0.00;0.00;0.00;100.00
axle;60;1415326442;46;0.00;0.00;0.00;0.00;0.00;100.00
axle;60;1415326442;47;0.00;0.00;0.00;0.00;0.00;100.00
axle;60;1415326442;48;0.00;0.00;0.00;0.00;0.00;100.00
axle;60;1415326442;49;0.00;0.00;0.03;0.00;0.00;99.97
axle;60;1415326442;50;0.00;0.00;0.00;0.00;0.00;100.00
axle;60;1415326442;51;0.00;0.00;0.02;0.00;0.00;99.98
axle;60;1415326442;52;0.00;0.00;0.00;0.00;0.00;100.00
axle;60;1415326442;53;0.00;0.00;0.00;0.00;0.00;100.00
axle;60;1415326442;54;0.00;0.00;0.00;0.00;0.00;100.00
axle;60;1415326442;55;0.00;0.00;0.02;0.00;0.00;99.98
axle;60;1415326442;56;0.00;0.00;0.02;0.00;0.00;99.98
axle;60;1415326442;57;0.10;0.00;0.08;0.00;0.00;99.82
axle;60;1415326442;58;0.00;0.00;0.00;0.00;0.00;100.00
axle;60;1415326442;59;0.00;0.00;0.00;0.00;0.00;100.00
axle;60;1415326442;60;0.00;0.00;0.00;0.00;0.00;100.00
axle;60;1415326442;61;0.00;0.00;0.00;0.00;0.00;100.00
axle;60;1415326442;62;0.00;0.00;0.00;0.00;0.00;100.00
axle;60;1415326442;63;7.24;0.00;0.80;0.07;0.00;91.89
axle;60;1415326502;-1;2.91;0.00;0.54;0.02;0.00;96.53
axle;60;1415326502;0;0.32;0.00;0.28;0.00;0.00;99.40
axle;60;1415326502;1;35.08;0.00;16.00;0.00;0.00;48.92
axle;60;1415326502;2;0.00;0.00;0.02;0.00;0.00;99.98
axle;60;1415326502;3;10.20;0.00;0.70;0.00;0.00;89.10
axle;60;1415326502;4;0.02;0.00;0.05;0.00;0.00;99.93
axle;60;1415326502;5;0.00;0.00;0.00;0.00;0.00;100.00
axle;60;1415326502;6;0.00;0.00;0.00;0.00;0.00;100.00
axle;60;1415326502;7;0.00;0.00;0.00;0.00;0.00;100.00
axle;60;1415326502;8;0.00;0.00;0.00;0.00;0.00;100.00
axle;60;1415326502;9;0.00;0.00;0.00;0.00;0.00;100.00
axle;60;1415326502;10;2.67;0.00;4.50;0.00;0.00;92.83
axle;60;1415326502;11;0.00;0.00;0.00;0.00;0.00;100.00
axle;60;1415326502;12;0.05;0.00;0.07;0.00;0.00;99.88
axle;60;1415326502;13;0.00;0.00;0.00;0.00;0.00;100.00
axle;60;1415326502;14;0.03;0.00;0.02;0.00;0.00;99.95
axle;60;1415326502;15;0.00;0.00;0.00;0.00;0.00;100.00
axle;60;1415326502;16;0.02;0.00;0.03;0.00;0.00;99.95
axle;60;1415326502;17;0.00;0.00;0.02;0.00;0.00;99.98
axle;60;1415326502;18;0.02;0.00;0.02;0.00;0.00;99.97
axle;60;1415326502;19;0.00;0.00;0.75;0.00;0.00;99.25
axle;60;1415326502;20;0.05;0.00;0.02;0.00;0.00;99.93
axle;60;1415326502;21;0.03;0.00;0.00;0.00;0.00;99.97
axle;60;1415326502;22;0.95;0.00;2.03;0.00;0.00;97.02
axle;60;1415326502;23;0.02;0.00;0.02;0.00;0.00;99.97
axle;60;1415326502;24;99.70;0.00;0.30;0.00;0.00;0.00
axle;60;1415326502;25;0.77;0.00;0.42;0.08;0.00;98.73
axle;60;1415326502;26;0.35;0.00;0.30;0.08;0.00;99.26
axle;60;1415326502;27;1.79;0.00;0.48;0.17;0.00;97.56
axle;60;1415326502;28;0.94;0.00;0.47;0.30;0.00;98.30
axle;60;1415326502;29;0.02;0.00;0.12;0.15;0.00;99.72
axle;60;1415326502;30;0.15;0.00;0.17;0.02;0.00;99.67
axle;60;1415326502;31;0.00;0.00;0.12;0.07;0.00;99.82
axle;60;1415326502;32;0.00;0.00;0.00;0.00;0.00;100.00
axle;60;1415326502;33;0.03;0.00;0.05;0.00;0.00;99.92
axle;60;1415326502;34;0.02;0.00;0.00;0.00;0.00;99.98
axle;60;1415326502;35;0.00;0.00;0.00;0.00;0.00;100.00
axle;60;1415326502;36;0.00;0.00;0.00;0.00;0.00;100.00
axle;60;1415326502;37;0.00;0.00;0.00;0.00;0.00;100.00
axle;60;1415326502;38;0.00;0.00;0.00;0.00;0.00;100.00
axle;60;1415326502;39;0.00;0.00;0.02;0.00;0.00;99.98
axle;60;1415326502;40;0.00;0.00;0.02;0.00;0.00;99.98
axle;60;1415326502;41;0.30;0.00;1.02;0.00;0.00;98.68
axle;60;1415326502;42;0.02;0.00;0.00;0.00;0.00;99.98
axle;60;1415326502;43;0.00;0.00;0.00;0.00;0.00;100.00
axle;60;1415326502;44;0.00;0.00;0.00;0.00;0.00;100.00
axle;60;1415326502;45;0.00;0.00;0.00;0.00;0.00;100.00
axle;60;1415326502;46;0.00;0.00;0.00;0.00;0.00;100.00
axle;60;1415326502;47;0.00;0.00;0.00;0.00;0.00;100.00
axle;60;1415326502;48;0.00;0.00;0.02;0.00;0.00;99.98
axle;60;1415326502;49;0.02;0.00;0.02;0.00;0.00;99.97
axle;60;1415326502;50;0.00;0.00;0.02;0.00;0.00;99.98
axle;60;1415326502;51;26.00;0.00;3.73;0.00;0.00;70.27
axle;60;1415326502;52;1.03;0.00;1.78;0.00;0.00;97.18
axle;60;1415326502;53;0.00;0.00;0.02;0.00;0.00;99.98
axle;60;1415326502;54;0.02;0.00;0.02;0.00;0.00;99.97
axle;60;1415326502;55;0.00;0.00;0.00;0.00;0.00;100.00
axle;60;1415326502;56;0.00;0.00;0.00;0.00;0.00;100.00
axle;60;1415326502;57;0.10;0.00;0.07;0.00;0.00;99.83
axle;60;1415326502;58;0.00;0.00;0.00;0.00;0.00;100.00
axle;60;1415326502;59;0.00;0.00;0.00;0.00;0.00;100.00
axle;60;1415326502;60;0.75;0.00;0.13;0.00;0.00;99.12
axle;60;1415326502;61;0.00;0.00;0.00;0.00;0.00;100.00
axle;60;1415326502;62;0.00;0.00;0.00;0.00;0.00;100.00
axle;60;1415326502;63;4.72;0.00;0.87;0.13;0.00;94.27
axle;60;1415326562;-1;3.14;0.00;0.25;0.00;0.00;96.61
axle;60;1415326562;0;0.00;0.00;0.00;0.00;0.00;100.00
axle;60;1415326562;1;0.00;0.00;0.02;0.00;0.00;99.98
axle;60;1415326562;2;0.00;0.00;0.02;0.00;0.00;99.98
axle;60;1415326562;3;0.02;0.00;0.00;0.00;0.00;99.98
axle;60;1415326562;4;0.02;0.00;0.00;0.00;0.00;99.98
axle;60;1415326562;5;0.03;0.00;0.02;0.00;0.00;99.95
axle;60;1415326562;6;0.00;0.00;0.00;0.00;0.00;100.00
axle;60;1415326562;7;0.02;0.00;0.02;0.00;0.00;99.97
axle;60;1415326562;8;0.00;0.00;0.00;0.00;0.00;100.00
axle;60;1415326562;9;0.00;0.00;0.00;0.00;0.00;100.00
axle;60;1415326562;10;89.70;0.00;9.83;0.00;0.00;0.47
axle;60;1415326562;11;0.05;0.00;0.03;0.00;0.00;99.92
axle;60;1415326562;12;0.07;0.00;0.12;0.00;0.00;99.82
axle;60;1415326562;13;0.00;0.00;0.00;0.00;0.00;100.00
axle;60;1415326562;14;0.10;0.00;0.03;0.00;0.00;99.87
axle;60;1415326562;15;0.00;0.00;0.00;0.00;0.00;100.00
axle;60;1415326562;16;0.00;0.00;0.15;0.00;0.00;99.85
axle;60;1415326562;17;0.02;0.00;0.02;0.00;0.00;99.97
axle;60;1415326562;18;0.02;0.00;0.00;0.00;0.00;99.98
axle;60;1415326562;19;0.00;0.00;0.02;0.00;0.00;99.98
axle;60;1415326562;20;0.05;0.00;0.02;0.00;0.00;99.93
axle;60;1415326562;21;0.00;0.00;0.00;0.00;0.00;100.00
axle;60;1415326562;22;0.95;0.00;2.13;0.00;0.00;96.92
axle;60;1415326562;23;0.00;0.00;0.02;0.00;0.00;99.98
axle;60;1415326562;24;99.78;0.00;0.22;0.00;0.00;0.00
axle;60;1415326562;25;0.37;0.00;0.57;0.00;0.00;99.06
axle;60;1415326562;26;0.12;0.00;0.12;0.00;0.00;99.77
axle;60;1415326562;27;2.05;0.00;0.43;0.00;0.00;97.52
axle;60;1415326562;28;0.00;0.00;0.00;0.00;0.00;100.00
axle;60;1415326562;29;0.00;0.00;0.05;0.00;0.00;99.95
axle;60;1415326562;30;0.00;0.00;0.00;0.00;0.00;100.00
axle;60;1415326562;31;0.00;0.00;0.02;0.00;0.00;99.98
axle;60;1415326562;32;0.02;0.00;0.02;0.00;0.00;99.97
axle;60;1415326562;33;0.00;0.00;0.00;0.00;0.00;100.00
axle;60;1415326562;34;0.00;0.00;0.02;0.00;0.00;99.98
axle;60;1415326562;35;0.00;0.00;0.02;0.00;0.00;99.98
axle;60;1415326562;36;0.00;0.00;0.00;0.00;0.00;100.00
axle;60;1415326562;37;0.02;0.00;0.00;0.00;0.00;99.98
axle;60;1415326562;38;0.00;0.00;0.00;0.00;0.00;100.00
axle;60;1415326562;39;0.00;0.00;0.00;0.00;0.00;100.00
axle;60;1415326562;40;0.00;0.00;0.00;0.00;0.00;100.00
axle;60;1415326562;41;0.03;0.00;0.33;0.00;0.00;99.63
axle;60;1415326562;42;0.00;0.00;0.02;0.00;0.00;99.98
axle;60;1415326562;43;0.00;0.00;0.00;0.00;0.00;100.00
axle;60;1415326562;44;0.00;0.00;0.00;0.00;0.00;100.00
axle;60;1415326562;45;0.00;0.00;0.00;0.00;0.00;100.00
axle;60;1415326562;46;0.00;0.00;0.00;0.00;0.00;100.00
axle;60;1415326562;47;0.00;0.00;0.00;0.00;0.00;100.00
axle;60;1415326562;48;0.00;0.00;0.00;0.00;0.00;100.00
axle;60;1415326562;49;0.00;0.00;0.00;0.00;0.00;100.00
axle;60;1415326562;50;0.00;0.00;0.00;0.00;0.00;100.00
axle;60;1415326562;51;0.32;0.00;0.02;0.00;0.00;99.67
axle;60;1415326562;52;0.02;0.00;0.02;0.00;0.00;99.97
axle;60;1415326562;53;0.00;0.00;0.00;0.00;0.00;100.00
axle;60;1415326562;54;0.00;0.00;0.00;0.00;0.00;100.00
axle;60;1415326562;55;0.00;0.00;0.00;0.00;0.00;100.00
axle;60;1415326562;56;0.00;0.00;0.00;0.00;0.00;100.00
axle;60;1415326562;57;0.07;0.00;0.03;0.00;0.00;99.90
axle;60;1415326562;58;0.00;0.00;0.00;0.00;0.00;100.00
axle;60;1415326562;59;4.93;0.00;0.75;0.00;0.00;94.32
axle;60;1415326562;60;0.53;0.00;0.08;0.00;0.00;99.38
axle;60;1415326562;61;0.00;0.00;0.00;0.00;0.00;100.00
axle;60;1415326562;62;0.00;0.00;0.00;0.00;0.00;100.00
axle;60;1415326562;63;1.54;0.00;0.81;0.00;0.00;97.65
axle;60;1415326622;-1;3.01;0.00;0.39;0.01;0.00;96.59
axle;60;1415326622;0;0.00;0.00;0.03;0.00;0.00;99.97
axle;60;1415326622;1;0.00;0.00;0.00;0.00;0.00;100.00
axle;60;1415326622;2;0.00;0.00;0.03;0.00;0.00;99.97
axle;60;1415326622;3;0.00;0.00;0.02;0.00;0.00;99.98
axle;60;1415326622;4;0.00;0.00;0.00;0.00;0.00;100.00
axle;60;1415326622;5;0.00;0.00;0.00;0.00;0.00;100.00
axle;60;1415326622;6;0.00;0.00;0.00;0.00;0.00;100.00
axle;60;1415326622;7;0.00;0.00;0.00;0.00;0.00;100.00
axle;60;1415326622;8;0.00;0.00;0.02;0.00;0.00;99.98
axle;60;1415326622;9;0.00;0.00;0.00;0.00;0.00;100.00
axle;60;1415326622;10;0.00;0.00;0.00;0.00;0.00;100.00
axle;60;1415326622;11;0.10;0.00;0.05;0.00;0.00;99.85
axle;60;1415326622;12;0.05;0.00;0.05;0.00;0.00;99.90
axle;60;1415326622;13;0.00;0.00;0.02;0.00;0.00;99.98
axle;60;1415326622;14;0.03;0.00;0.02;0.00;0.00;99.95
axle;60;1415326622;15;0.02;0.00;0.00;0.00;0.00;99.98
axle;60;1415326622;16;55.02;0.00;0.15;0.00;0.00;44.83
axle;60;1415326622;17;0.23;0.00;0.17;0.00;0.00;99.60
axle;60;1415326622;18;12.22;0.00;3.34;0.00;0.00;84.44
axle;60;1415326622;19;0.80;0.00;1.44;0.00;0.00;97.76
axle;60;1415326622;20;0.25;0.00;0.22;0.00;0.00;99.53
axle;60;1415326622;21;2.04;0.00;0.38;0.00;0.00;97.58
axle;60;1415326622;22;0.87;0.00;2.30;0.00;0.00;96.83
axle;60;1415326622;23;1.32;0.00;0.15;0.48;0.00;98.05
axle;60;1415326622;24;44.42;0.00;0.10;0.00;0.00;55.48
axle;60;1415326622;25;35.34;0.00;6.40;0.00;0.00;58.26
axle;60;1415326622;26;0.18;0.00;0.08;0.00;0.00;99.73
axle;60;1415326622;27;0.08;0.00;0.25;0.00;0.00;99.67
axle;60;1415326622;28;0.00;0.00;0.00;0.00;0.00;100.00
axle;60;1415326622;29;0.00;0.00;0.02;0.00;0.00;99.98
axle;60;1415326622;30;0.02;0.00;0.45;0.00;0.00;99.53
axle;60;1415326622;31;13.80;0.00;3.22;0.00;0.00;82.98
axle;60;1415326622;32;0.00;0.00;0.00;0.00;0.00;100.00
axle;60;1415326622;33;21.56;0.00;5.34;0.00;0.00;73.10
axle;60;1415326622;34;0.00;0.00;0.00;0.00;0.00;100.00
axle;60;1415326622;35;0.00;0.00;0.00;0.00;0.00;100.00
axle;60;1415326622;36;0.00;0.00;0.00;0.00;0.00;100.00
axle;60;1415326622;37;0.00;0.00;0.00;0.00;0.00;100.00
axle;60;1415326622;38;0.00;0.00;0.00;0.00;0.00;100.00
axle;60;1415326622;39;0.00;0.00;0.00;0.00;0.00;100.00
axle;60;1415326622;40;0.00;0.00;0.00;0.00;0.00;100.00
axle;60;1415326622;41;0.03;0.00;0.17;0.00;0.00;99.80
axle;60;1415326622;42;0.00;0.00;0.00;0.00;0.00;100.00
axle;60;1415326622;43;0.00;0.00;0.00;0.00;0.00;100.00
axle;60;1415326622;44;0.00;0.00;0.00;0.00;0.00;100.00
axle;60;1415326622;45;0.00;0.00;0.02;0.00;0.00;99.98
axle;60;1415326622;46;0.00;0.00;0.00;0.00;0.00;100.00
axle;60;1415326622;47;0.00;0.00;0.00;0.00;0.00;100.00
axle;60;1415326622;48;0.00;0.00;0.00;0.00;0.00;100.00
axle;60;1415326622;49;0.03;0.00;0.02;0.00;0.00;99.95
axle;60;1415326622;50;0.00;0.00;0.02;0.00;0.00;99.98
axle;60;1415326622;51;0.00;0.00;0.02;0.00;0.00;99.98
axle;60;1415326622;52;0.00;0.00;0.00;0.00;0.00;100.00
axle;60;1415326622;53;0.00;0.00;0.00;0.00;0.00;100.00
axle;60;1415326622;54;0.00;0.00;0.00;0.00;0.00;100.00
axle;60;1415326622;55;0.00;0.00;0.00;0.00;0.00;100.00
axle;60;1415326622;56;0.00;0.00;0.00;0.00;0.00;100.00
axle;60;1415326622;57;0.13;0.00;0.05;0.00;0.00;99.82
axle;60;1415326622;58;0.00;0.00;0.00;0.00;0.00;100.00
axle;60;1415326622;59;3.41;0.00;0.35;0.00;0.00;96.24
axle;60;1415326622;60;0.00;0.00;0.00;0.00;0.00;100.00
axle;60;1415326622;61;0.00;0.00;0.00;0.00;0.00;100.00
axle;60;1415326622;62;0.00;0.00;0.00;0.00;0.00;100.00
axle;60;1415326622;63;0.59;0.00;0.32;0.00;0.00;99.10
axle;60;1415326682;-1;3.02;0.00;0.37;0.00;0.00;96.61
axle;60;1415326682;0;0.00;0.00;0.00;0.00;0.00;100.00
axle;60;1415326682;1;0.00;0.00;0.00;0.00;0.00;100.00
axle;60;1415326682;2;0.02;0.00;0.02;0.00;0.00;99.97
axle;60;1415326682;3;0.00;0.00;0.00;0.00;0.00;100.00
axle;60;1415326682;4;0.02;0.00;0.00;0.00;0.00;99.98
axle;60;1415326682;5;0.02;0.00;0.02;0.00;0.00;99.97
axle;60;1415326682;6;0.00;0.00;0.00;0.00;0.00;100.00
axle;60;1415326682;7;0.00;0.00;0.00;0.00;0.00;100.00
axle;60;1415326682;8;0.02;0.00;0.02;0.00;0.00;99.97
axle;60;1415326682;9;0.07;0.00;0.03;0.00;0.00;99.90
axle;60;1415326682;10;0.00;0.00;0.00;0.00;0.00;100.00
axle;60;1415326682;11;0.07;0.00;0.08;0.00;0.00;99.85
axle;60;1415326682;12;0.07;0.00;0.12;0.00;0.00;99.82
axle;60;1415326682;13;0.00;0.00;0.00;0.00;0.00;100.00
axle;60;1415326682;14;0.00;0.00;0.02;0.00;0.00;99.98
axle;60;1415326682;15;44.38;0.00;15.57;0.00;0.00;40.05
axle;60;1415326682;16;99.82;0.00;0.18;0.00;0.00;0.00
axle;60;1415326682;17;0.74;0.00;0.60;0.00;0.00;98.66
axle;60;1415326682;18;0.54;0.00;0.40;0.00;0.00;99.06
axle;60;1415326682;19;1.89;0.00;0.33;0.00;0.00;97.78
axle;60;1415326682;20;0.22;0.00;0.37;0.00;0.00;99.41
axle;60;1415326682;21;4.91;0.00;0.55;0.00;0.00;94.54
axle;60;1415326682;22;0.83;0.00;2.30;0.00;0.00;96.87
axle;60;1415326682;23;0.38;0.00;0.23;0.00;0.00;99.38
axle;60;1415326682;24;0.00;0.00;0.00;0.00;0.00;100.00
axle;60;1415326682;25;0.00;0.00;0.03;0.00;0.00;99.97
axle;60;1415326682;26;0.00;0.00;0.00;0.00;0.00;100.00
axle;60;1415326682;27;0.00;0.00;0.05;0.00;0.00;99.95
axle;60;1415326682;28;0.00;0.00;0.07;0.00;0.00;99.93
axle;60;1415326682;29;0.00;0.00;0.00;0.02;0.00;99.98
axle;60;1415326682;30;0.00;0.00;0.00;0.00;0.00;100.00
axle;60;1415326682;31;0.15;0.00;0.02;0.00;0.00;99.83
axle;60;1415326682;32;0.00;0.00;0.00;0.00;0.00;100.00
axle;60;1415326682;33;38.86;0.00;1.00;0.00;0.00;60.14
axle;60;1415326682;34;0.00;0.00;0.00;0.00;0.00;100.00
axle;60;1415326682;35;0.00;0.00;0.00;0.00;0.00;100.00
axle;60;1415326682;36;0.00;0.00;0.00;0.00;0.00;100.00
axle;60;1415326682;37;0.00;0.00;0.00;0.00;0.00;100.00
axle;60;1415326682;38;0.00;0.00;0.00;0.00;0.00;100.00
axle;60;1415326682;39;0.00;0.00;0.00;0.00;0.00;100.00
axle;60;1415326682;40;0.00;0.00;0.00;0.00;0.00;100.00
axle;60;1415326682;41;0.02;0.00;0.42;0.00;0.00;99.57
axle;60;1415326682;42;0.00;0.00;0.02;0.00;0.00;99.98
axle;60;1415326682;43;0.00;0.00;0.02;0.00;0.00;99.98
axle;60;1415326682;44;0.00;0.00;0.00;0.00;0.00;100.00
axle;60;1415326682;45;0.00;0.00;0.00;0.00;0.00;100.00
axle;60;1415326682;46;0.00;0.00;0.00;0.00;0.00;100.00
axle;60;1415326682;47;0.00;0.00;1.20;0.00;0.00;98.80
axle;60;1415326682;48;0.00;0.00;0.00;0.00;0.00;100.00
axle;60;1415326682;49;0.00;0.00;0.00;0.00;0.00;100.00
axle;60;1415326682;50;0.00;0.00;0.00;0.00;0.00;100.00
axle;60;1415326682;51;0.00;0.00;0.02;0.00;0.00;99.98
axle;60;1415326682;52;0.00;0.00;0.00;0.00;0.00;100.00
axle;60;1415326682;53;0.00;0.00;0.00;0.00;0.00;100.00
axle;60;1415326682;54;0.08;0.00;0.02;0.00;0.00;99.90
axle;60;1415326682;55;0.00;0.00;0.02;0.00;0.00;99.98
axle;60;1415326682;56;0.00;0.00;0.00;0.00;0.00;100.00
axle;60;1415326682;57;0.17;0.00;0.03;0.00;0.00;99.80
axle;60;1415326682;58;0.00;0.00;0.00;0.00;0.00;100.00
axle;60;1415326682;59;0.00;0.00;0.00;0.00;0.00;100.00
axle;60;1415326682;60;0.00;0.00;0.00;0.00;0.00;100.00
axle;60;1415326682;61;0.00;0.00;0.00;0.00;0.00;100.00
axle;60;1415326682;62;0.00;0.00;0.00;0.00;0.00;100.00
axle;60;1415326682;63;0.00;0.00;0.00;0.00;0.00;100.00
axle;60;1415326742;-1;3.19;0.00;0.18;0.00;0.00;96.63
axle;60;1415326742;0;0.00;0.00;0.02;0.00;0.00;99.98
axle;60;1415326742;1;0.00;0.00;0.00;0.00;0.00;100.00
axle;60;1415326742;2;0.02;0.00;0.02;0.00;0.00;99.97
axle;60;1415326742;3;0.02;0.00;0.00;0.00;0.00;99.98
axle;60;1415326742;4;0.00;0.00;0.02;0.00;0.00;99.98
axle;60;1415326742;5;0.00;0.00;0.00;0.00;0.00;100.00
axle;60;1415326742;6;0.00;0.00;0.00;0.00;0.00;100.00
axle;60;1415326742;7;0.00;0.00;0.00;0.00;0.00;100.00
axle;60;1415326742;8;0.00;0.00;0.02;0.00;0.00;99.98
axle;60;1415326742;9;0.07;0.00;0.05;0.00;0.00;99.88
axle;60;1415326742;10;0.00;0.00;0.00;0.00;0.00;100.00
axle;60;1415326742;11;0.00;0.00;0.00;0.00;0.00;100.00
axle;60;1415326742;12;0.05;0.00;0.13;0.00;0.00;99.82
axle;60;1415326742;13;0.00;0.00;0.02;0.00;0.00;99.98
axle;60;1415326742;14;0.00;0.00;0.00;0.00;0.00;100.00
axle;60;1415326742;15;0.02;0.00;0.00;0.00;0.00;99.98
axle;60;1415326742;16;99.78;0.00;0.22;0.00;0.00;0.00
axle;60;1415326742;17;0.45;0.00;0.23;0.00;0.00;99.31
axle;60;1415326742;18;1.87;0.00;0.45;0.00;0.00;97.68
axle;60;1415326742;19;0.99;0.00;0.44;0.00;0.00;98.58
axle;60;1415326742;20;0.82;0.00;0.30;0.00;0.00;98.88
axle;60;1415326742;21;0.32;0.00;0.27;0.00;0.00;99.41
axle;60;1415326742;22;0.78;0.00;2.37;0.00;0.00;96.85
axle;60;1415326742;23;1.18;0.00;0.33;0.00;0.00;98.48
axle;60;1415326742;24;0.00;0.00;0.00;0.00;0.00;100.00
axle;60;1415326742;25;0.00;0.00;0.00;0.00;0.00;100.00
axle;60;1415326742;26;0.00;0.00;0.00;0.00;0.00;100.00
axle;60;1415326742;27;0.02;0.00;0.00;0.00;0.00;99.98
axle;60;1415326742;28;0.00;0.00;0.02;0.00;0.00;99.98
axle;60;1415326742;29;0.00;0.00;0.02;0.00;0.00;99.98
axle;60;1415326742;30;0.00;0.00;0.00;0.00;0.00;100.00
axle;60;1415326742;31;0.02;0.00;0.00;0.00;0.00;99.98
axle;60;1415326742;32;0.00;0.00;0.00;0.00;0.00;100.00
axle;60;1415326742;33;52.51;0.00;1.00;0.00;0.00;46.49
axle;60;1415326742;34;0.00;0.00;0.00;0.00;0.00;100.00
axle;60;1415326742;35;0.00;0.00;0.00;0.00;0.00;100.00
axle;60;1415326742;36;0.00;0.00;0.00;0.00;0.00;100.00
axle;60;1415326742;37;0.00;0.00;0.00;0.00;0.00;100.00
axle;60;1415326742;38;0.00;0.00;0.00;0.00;0.00;100.00
axle;60;1415326742;39;0.00;0.00;0.00;0.00;0.00;100.00
axle;60;1415326742;40;0.00;0.00;0.00;0.00;0.00;100.00
axle;60;1415326742;41;41.57;0.00;5.48;0.00;0.00;52.95
axle;60;1415326742;42;0.02;0.00;0.00;0.00;0.00;99.98
axle;60;1415326742;43;0.02;0.00;0.00;0.00;0.00;99.98
axle;60;1415326742;44;0.02;0.00;0.00;0.00;0.00;99.98
axle;60;1415326742;45;0.02;0.00;0.00;0.00;0.00;99.98
axle;60;1415326742;46;0.00;0.00;0.00;0.00;0.00;100.00
axle;60;1415326742;47;0.00;0.00;0.00;0.00;0.00;100.00
axle;60;1415326742;48;0.00;0.00;0.00;0.00;0.00;100.00
axle;60;1415326742;49;0.00;0.00;0.00;0.00;0.00;100.00
axle;60;1415326742;50;0.00;0.00;0.00;0.00;0.00;100.00
axle;60;1415326742;51;0.00;0.00;0.00;0.00;0.00;100.00
axle;60;1415326742;52;3.36;0.00;0.37;0.00;0.00;96.27
axle;60;1415326742;53;0.00;0.00;0.00;0.00;0.00;100.00
axle;60;1415326742;54;0.00;0.00;0.00;0.00;0.00;100.00
axle;60;1415326742;55;0.00;0.00;0.00;0.00;0.00;100.00
axle;60;1415326742;56;0.00;0.00;0.00;0.00;0.00;100.00
axle;60;1415326742;57;0.13;0.00;0.03;0.00;0.00;99.83
axle;60;1415326742;58;0.00;0.00;0.02;0.00;0.00;99.98
axle;60;1415326742;59;0.00;0.00;0.00;0.00;0.00;100.00
axle;60;1415326742;60;0.00;0.00;0.00;0.00;0.00;100.00
axle;60;1415326742;61;0.00;0.00;0.00;0.00;0.00;100.00
axle;60;1415326742;62;0.00;0.00;0.00;0.00;0.00;100.00
axle;60;1415326742;63;0.00;0.00;0.00;0.00;0.00;100.00
axle;60;1415326802;-1;3.14;0.00;0.26;0.00;0.00;96.60
axle;60;1415326802;0;0.00;0.00;0.00;0.02;0.00;99.98
axle;60;1415326802;1;0.00;0.00;0.02;0.00;0.00;99.98
axle;60;1415326802;2;0.00;0.00;0.02;0.00;0.00;99.98
axle;60;1415326802;3;0.02;0.00;0.00;0.00;0.00;99.98
axle;60;1415326802;4;0.00;0.00;0.23;0.00;0.00;99.77
axle;60;1415326802;5;18.13;0.00;1.97;0.00;0.00;79.90
axle;60;1415326802;6;0.02;0.00;0.00;0.00;0.00;99.98
axle;60;1415326802;7;0.00;0.00;0.00;0.00;0.00;100.00
axle;60;1415326802;8;0.00;0.00;0.00;0.00;0.00;100.00
axle;60;1415326802;9;0.00;0.00;0.00;0.00;0.00;100.00
axle;60;1415326802;10;0.08;0.00;0.37;0.00;0.00;99.55
axle;60;1415326802;11;0.00;0.00;0.00;0.00;0.00;100.00
axle;60;1415326802;12;0.05;0.00;0.05;0.00;0.00;99.90
axle;60;1415326802;13;0.05;0.00;0.00;0.00;0.00;99.95
axle;60;1415326802;14;52.01;0.00;2.80;0.00;0.00;45.19
axle;60;1415326802;15;0.00;0.00;0.00;0.00;0.00;100.00
axle;60;1415326802;16;99.87;0.00;0.13;0.00;0.00;0.00
axle;60;1415326802;17;0.74;0.00;0.37;0.00;0.00;98.90
axle;60;1415326802;18;0.18;0.00;0.25;0.00;0.00;99.57
axle;60;1415326802;19;0.80;0.00;0.42;0.00;0.00;98.78
axle;60;1415326802;20;1.67;0.00;0.58;0.00;0.00;97.75
axle;60;1415326802;21;4.02;0.00;0.78;0.00;0.00;95.19
axle;60;1415326802;22;0.72;0.00;2.40;0.00;0.00;96.88
axle;60;1415326802;23;1.42;0.00;0.27;0.00;0.00;98.31
axle;60;1415326802;24;0.00;0.00;0.00;0.00;0.00;100.00
axle;60;1415326802;25;0.00;0.00;0.00;0.00;0.00;100.00
axle;60;1415326802;26;0.00;0.00;0.02;0.00;0.00;99.98
axle;60;1415326802;27;0.00;0.00;0.00;0.00;0.00;100.00
axle;60;1415326802;28;0.00;0.00;0.00;0.00;0.00;100.00
axle;60;1415326802;29;0.02;0.00;0.00;0.00;0.00;99.98
axle;60;1415326802;30;0.00;0.00;0.00;0.00;0.00;100.00
axle;60;1415326802;31;0.00;0.00;0.00;0.00;0.00;100.00
axle;60;1415326802;32;0.00;0.00;0.00;0.00;0.00;100.00
axle;60;1415326802;33;5.89;0.00;1.72;0.00;0.00;92.39
axle;60;1415326802;34;0.00;0.00;0.02;0.00;0.00;99.98
axle;60;1415326802;35;0.00;0.00;0.00;0.00;0.00;100.00
axle;60;1415326802;36;0.00;0.00;0.00;0.00;0.00;100.00
axle;60;1415326802;37;0.00;0.00;0.00;0.00;0.00;100.00
axle;60;1415326802;38;0.00;0.00;0.00;0.00;0.00;100.00
axle;60;1415326802;39;0.00;0.00;0.00;0.00;0.00;100.00
axle;60;1415326802;40;0.02;0.00;0.00;0.00;0.00;99.98
axle;60;1415326802;41;2.23;0.00;1.15;0.00;0.00;96.62
axle;60;1415326802;42;0.00;0.00;0.00;0.00;0.00;100.00
axle;60;1415326802;43;0.02;0.00;0.02;0.00;0.00;99.97
axle;60;1415326802;44;0.00;0.00;0.00;0.00;0.00;100.00
axle;60;1415326802;45;0.02;0.00;0.00;0.00;0.00;99.98
axle;60;1415326802;46;0.00;0.00;0.00;0.00;0.00;100.00
axle;60;1415326802;47;0.00;0.00;0.00;0.00;0.00;100.00
axle;60;1415326802;48;0.00;0.00;0.00;0.00;0.00;100.00
axle;60;1415326802;49;0.00;0.00;0.00;0.00;0.00;100.00
axle;60;1415326802;50;0.00;0.00;0.00;0.00;0.00;100.00
axle;60;1415326802;51;0.00;0.00;0.00;0.00;0.00;100.00
axle;60;1415326802;52;0.00;0.00;0.00;0.00;0.00;100.00
axle;60;1415326802;53;0.00;0.00;0.00;0.00;0.00;100.00
axle;60;1415326802;54;0.00;0.00;0.00;0.00;0.00;100.00
axle;60;1415326802;55;0.00;0.00;0.02;0.00;0.00;99.98
axle;60;1415326802;56;0.00;0.00;0.00;0.00;0.00;100.00
axle;60;1415326802;57;13.08;0.00;2.75;0.00;0.00;84.17
axle;60;1415326802;58;0.00;0.00;0.00;0.00;0.00;100.00
axle;60;1415326802;59;0.00;0.00;0.00;0.00;0.00;100.00
axle;60;1415326802;60;0.02;0.00;0.00;0.00;0.00;99.98
axle;60;1415326802;61;0.00;0.00;0.00;0.00;0.00;100.00
axle;60;1415326802;62;0.00;0.00;0.00;0.00;0.00;100.00
axle;60;1415326802;63;0.00;0.00;0.00;0.00;0.00;100.00
axle;60;1415326862;-1;2.98;0.00;0.39;0.00;0.00;96.63
axle;60;1415326862;0;0.00;0.00;0.00;0.00;0.00;100.00
axle;60;1415326862;1;0.02;0.00;0.00;0.00;0.00;99.98
axle;60;1415326862;2;0.02;0.00;0.02;0.00;0.00;99.97
axle;60;1415326862;3;7.47;0.00;2.92;0.00;0.00;89.61
axle;60;1415326862;4;0.02;0.00;0.00;0.00;0.00;99.98
axle;60;1415326862;5;0.07;0.00;0.00;0.00;0.00;99.93
axle;60;1415326862;6;0.00;0.00;0.00;0.00;0.00;100.00
axle;60;1415326862;7;0.00;0.00;0.02;0.00;0.00;99.98
axle;60;1415326862;8;0.00;0.00;0.02;0.00;0.00;99.98
axle;60;1415326862;9;0.00;0.00;0.12;0.00;0.00;99.88
axle;60;1415326862;10;0.02;0.00;0.23;0.00;0.00;99.75
axle;60;1415326862;11;17.20;0.00;1.00;0.00;0.00;81.80
axle;60;1415326862;12;0.03;0.00;0.05;0.00;0.00;99.92
axle;60;1415326862;13;0.12;0.00;0.12;0.00;0.00;99.77
axle;60;1415326862;14;52.81;0.00;14.22;0.00;0.00;32.97
axle;60;1415326862;15;0.00;0.00;0.02;0.00;0.00;99.98
axle;60;1415326862;16;99.82;0.00;0.18;0.00;0.00;0.00
axle;60;1415326862;17;0.45;0.00;0.35;0.00;0.00;99.20
axle;60;1415326862;18;1.39;0.00;0.60;0.00;0.00;98.01
axle;60;1415326862;19;0.60;0.00;0.32;0.00;0.00;99.08
axle;60;1415326862;20;1.17;0.00;0.25;0.00;0.00;98.58
axle;60;1415326862;21;0.22;0.00;0.32;0.00;0.00;99.46
axle;60;1415326862;22;0.92;0.00;2.38;0.00;0.00;96.70
axle;60;1415326862;23;4.63;0.00;0.85;0.00;0.00;94.51
axle;60;1415326862;24;0.00;0.00;0.08;0.00;0.00;99.92
axle;60;1415326862;25;0.00;0.00;0.00;0.00;0.00;100.00
axle;60;1415326862;26;0.00;0.00;0.00;0.00;0.00;100.00
axle;60;1415326862;27;0.00;0.00;0.02;0.02;0.00;99.97
axle;60;1415326862;28;0.00;0.00;0.00;0.02;0.00;99.98
axle;60;1415326862;29;0.00;0.00;0.00;0.00;0.00;100.00
axle;60;1415326862;30;0.00;0.00;0.02;0.00;0.00;99.98
axle;60;1415326862;31;0.00;0.00;0.02;0.00;0.00;99.98
axle;60;1415326862;32;0.00;0.00;0.00;0.00;0.00;100.00
axle;60;1415326862;33;0.00;0.00;0.03;0.00;0.00;99.97
axle;60;1415326862;34;0.00;0.00;0.00;0.00;0.00;100.00
axle;60;1415326862;35;0.00;0.00;0.00;0.00;0.00;100.00
axle;60;1415326862;36;0.00;0.00;0.00;0.00;0.00;100.00
axle;60;1415326862;37;0.00;0.00;0.00;0.00;0.00;100.00
axle;60;1415326862;38;0.00;0.00;0.00;0.00;0.00;100.00
axle;60;1415326862;39;0.00;0.00;0.00;0.00;0.00;100.00
axle;60;1415326862;40;0.00;0.00;0.00;0.00;0.00;100.00
axle;60;1415326862;41;0.12;0.00;0.08;0.00;0.00;99.80
axle;60;1415326862;42;0.00;0.00;0.00;0.00;0.00;100.00
axle;60;1415326862;43;0.00;0.00;0.00;0.00;0.00;100.00
axle;60;1415326862;44;0.00;0.00;0.00;0.00;0.00;100.00
axle;60;1415326862;45;0.00;0.00;0.00;0.00;0.00;100.00
axle;60;1415326862;46;3.30;0.00;0.73;0.00;0.00;95.97
axle;60;1415326862;47;0.00;0.00;0.00;0.00;0.00;100.00
axle;60;1415326862;48;0.00;0.00;0.00;0.00;0.00;100.00
axle;60;1415326862;49;0.00;0.00;0.00;0.00;0.00;100.00
axle;60;1415326862;50;0.00;0.00;0.00;0.00;0.00;100.00
axle;60;1415326862;51;0.02;0.00;0.00;0.00;0.00;99.98
axle;60;1415326862;52;0.00;0.00;0.00;0.00;0.00;100.00
axle;60;1415326862;53;0.00;0.00;0.00;0.00;0.00;100.00
axle;60;1415326862;54;0.00;0.00;0.00;0.00;0.00;100.00
axle;60;1415326862;55;0.00;0.00;0.02;0.00;0.00;99.98
axle;60;1415326862;56;0.00;0.00;0.00;0.00;0.00;100.00
axle;60;1415326862;57;0.13;0.00;0.03;0.00;0.00;99.83
axle;60;1415326862;58;0.00;0.00;0.00;0.00;0.00;100.00
axle;60;1415326862;59;0.02;0.00;0.00;0.00;0.00;99.98
axle;60;1415326862;60;0.00;0.00;0.02;0.00;0.00;99.98
axle;60;1415326862;61;0.00;0.00;0.00;0.00;0.00;100.00
axle;60;1415326862;62;0.00;0.00;0.00;0.00;0.00;100.00
axle;60;1415326862;63;0.00;0.00;0.00;0.00;0.00;100.00
axle;60;1415326922;-1;3.07;0.00;0.34;0.00;0.00;96.59
axle;60;1415326922;0;0.00;0.00;0.00;0.00;0.00;100.00
axle;60;1415326922;1;0.00;0.00;0.00;0.00;0.00;100.00
axle;60;1415326922;2;0.02;0.00;0.02;0.00;0.00;99.97
axle;60;1415326922;3;0.00;0.00;0.02;0.00;0.00;99.98
axle;60;1415326922;4;0.00;0.00;0.02;0.00;0.00;99.98
axle;60;1415326922;5;0.00;0.00;0.00;0.00;0.00;100.00
axle;60;1415326922;6;0.00;0.00;0.00;0.00;0.00;100.00
axle;60;1415326922;7;0.00;0.00;0.00;0.00;0.00;100.00
axle;60;1415326922;8;0.00;0.00;0.00;0.00;0.00;100.00
axle;60;1415326922;9;0.00;0.00;0.00;0.00;0.00;100.00
axle;60;1415326922;10;0.03;0.00;0.53;0.02;0.00;99.42
axle;60;1415326922;11;0.20;0.00;0.03;0.00;0.00;99.77
axle;60;1415326922;12;0.02;0.00;0.05;0.00;0.00;99.93
axle;60;1415326922;13;0.17;0.00;0.08;0.00;0.00;99.75
axle;60;1415326922;14;0.00;0.00;0.00;0.00;0.00;100.00
axle;60;1415326922;15;0.00;0.00;0.00;0.00;0.00;100.00
axle;60;1415326922;16;99.82;0.00;0.18;0.00;0.00;0.00
axle;60;1415326922;17;0.52;0.00;0.38;0.00;0.00;99.10
axle;60;1415326922;18;1.42;0.00;0.35;0.00;0.00;98.23
axle;60;1415326922;19;0.90;0.00;0.42;0.00;0.00;98.68
axle;60;1415326922;20;3.40;0.00;0.48;0.00;0.00;96.12
axle;60;1415326922;21;0.52;0.00;0.52;0.00;0.00;98.96
axle;60;1415326922;22;1.05;0.00;2.37;0.00;0.00;96.58
axle;60;1415326922;23;2.02;0.00;0.20;0.00;0.00;97.78
axle;60;1415326922;24;0.00;0.00;0.00;0.00;0.00;100.00
axle;60;1415326922;25;0.00;0.00;0.02;0.00;0.00;99.98
axle;60;1415326922;26;14.12;0.00;8.67;0.00;0.00;77.21
axle;60;1415326922;27;0.00;0.00;0.00;0.00;0.00;100.00
axle;60;1415326922;28;0.02;0.00;0.00;0.00;0.00;99.98
axle;60;1415326922;29;0.87;0.00;1.68;0.00;0.00;97.45
axle;60;1415326922;30;0.00;0.00;0.00;0.00;0.00;100.00
axle;60;1415326922;31;0.00;0.00;0.00;0.00;0.00;100.00
axle;60;1415326922;32;0.00;0.00;0.00;0.00;0.00;100.00
axle;60;1415326922;33;69.06;0.00;3.10;0.00;0.00;27.84
axle;60;1415326922;34;0.00;0.00;0.02;0.00;0.00;99.98
axle;60;1415326922;35;0.00;0.00;0.00;0.00;0.00;100.00
axle;60;1415326922;36;0.00;0.00;0.00;0.00;0.00;100.00
axle;60;1415326922;37;0.00;0.00;0.00;0.00;0.00;100.00
axle;60;1415326922;38;0.00;0.00;0.00;0.00;0.00;100.00
axle;60;1415326922;39;0.00;0.00;0.00;0.00;0.00;100.00
axle;60;1415326922;40;0.00;0.00;0.00;0.00;0.00;100.00
axle;60;1415326922;41;2.07;0.00;2.35;0.00;0.00;95.58
axle;60;1415326922;42;0.00;0.00;0.00;0.00;0.00;100.00
axle;60;1415326922;43;0.00;0.00;0.00;0.00;0.00;100.00
axle;60;1415326922;44;0.00;0.00;0.00;0.00;0.00;100.00
axle;60;1415326922;45;0.00;0.00;0.00;0.00;0.00;100.00
axle;60;1415326922;46;0.00;0.00;0.00;0.00;0.00;100.00
axle;60;1415326922;47;0.00;0.00;0.00;0.00;0.00;100.00
axle;60;1415326922;48;0.00;0.00;0.00;0.00;0.00;100.00
axle;60;1415326922;49;0.00;0.00;0.02;0.00;0.00;99.98
axle;60;1415326922;50;0.00;0.00;0.00;0.00;0.00;100.00
axle;60;1415326922;51;0.02;0.00;0.00;0.00;0.00;99.98
axle;60;1415326922;52;0.00;0.00;0.00;0.00;0.00;100.00
axle;60;1415326922;53;0.00;0.00;0.00;0.00;0.00;100.00
axle;60;1415326922;54;0.00;0.00;0.00;0.00;0.00;100.00
axle;60;1415326922;55;0.00;0.00;0.00;0.00;0.00;100.00
axle;60;1415326922;56;0.00;0.00;0.00;0.00;0.00;100.00
axle;60;1415326922;57;0.17;0.00;0.05;0.00;0.00;99.78
axle;60;1415326922;58;0.00;0.00;0.00;0.00;0.00;100.00
axle;60;1415326922;59;0.00;0.00;0.00;0.00;0.00;100.00
axle;60;1415326922;60;0.02;0.00;0.00;0.00;0.00;99.98
axle;60;1415326922;61;0.00;0.00;0.00;0.00;0.00;100.00
axle;60;1415326922;62;0.00;0.00;0.00;0.00;0.00;100.00
axle;60;1415326922;63;0.00;0.00;0.00;0.00;0.00;100.00
axle;60;1415326982;-1;2.97;0.00;0.43;0.00;0.00;96.60
axle;60;1415326982;0;0.00;0.00;0.00;0.00;0.00;100.00
axle;60;1415326982;1;0.00;0.00;0.00;0.00;0.00;100.00
axle;60;1415326982;2;0.63;0.00;0.72;0.00;0.00;98.65
axle;60;1415326982;3;0.00;0.00;0.00;0.00;0.00;100.00
axle;60;1415326982;4;0.00;0.00;0.87;0.00;0.00;99.13
axle;60;1415326982;5;0.00;0.00;0.00;0.00;0.00;100.00
axle;60;1415326982;6;0.00;0.00;0.00;0.00;0.00;100.00
axle;60;1415326982;7;0.00;0.00;0.00;0.00;0.00;100.00
axle;60;1415326982;8;0.00;0.00;0.00;0.00;0.00;100.00
axle;60;1415326982;9;0.00;0.00;0.00;0.00;0.00;100.00
axle;60;1415326982;10;0.02;0.00;0.07;0.00;0.00;99.92
axle;60;1415326982;11;0.02;0.00;0.02;0.00;0.00;99.97
axle;60;1415326982;12;0.02;0.00;0.03;0.00;0.00;99.95
axle;60;1415326982;13;0.12;0.00;0.10;0.00;0.00;99.78
axle;60;1415326982;14;0.07;0.00;0.07;0.00;0.00;99.87
axle;60;1415326982;15;0.00;0.00;0.00;0.00;0.00;100.00
axle;60;1415326982;16;99.72;0.00;0.28;0.00;0.00;0.00
axle;60;1415326982;17;0.28;0.00;0.13;0.00;0.00;99.58
axle;60;1415326982;18;0.05;0.00;0.15;0.00;0.00;99.80
axle;60;1415326982;19;1.19;0.00;0.49;0.00;0.00;98.32
axle;60;1415326982;20;0.27;0.00;0.32;0.00;0.00;99.41
axle;60;1415326982;21;0.20;0.00;0.22;0.00;0.00;99.58
axle;60;1415326982;22;0.88;0.00;2.27;0.00;0.00;96.85
axle;60;1415326982;23;5.74;0.00;0.92;0.00;0.00;93.34
axle;60;1415326982;24;55.76;0.00;2.58;0.00;0.00;41.66
axle;60;1415326982;25;0.00;0.00;0.00;0.00;0.00;100.00
axle;60;1415326982;26;0.00;0.00;0.00;0.00;0.00;100.00
axle;60;1415326982;27;0.00;0.00;0.00;0.00;0.00;100.00
axle;60;1415326982;28;0.00;0.00;0.02;0.00;0.00;99.98
axle;60;1415326982;29;0.02;0.00;0.17;0.00;0.00;99.82
axle;60;1415326982;30;0.00;0.00;0.00;0.00;0.00;100.00
axle;60;1415326982;31;0.02;0.00;0.00;0.00;0.00;99.98
axle;60;1415326982;32;0.00;0.00;0.00;0.00;0.00;100.00
axle;60;1415326982;33;0.23;0.00;0.03;0.00;0.00;99.73
axle;60;1415326982;34;0.00;0.00;0.00;0.00;0.00;100.00
axle;60;1415326982;35;0.00;0.00;0.00;0.00;0.00;100.00
axle;60;1415326982;36;0.00;0.00;0.00;0.00;0.00;100.00
axle;60;1415326982;37;0.00;0.00;0.00;0.00;0.00;100.00
axle;60;1415326982;38;0.00;0.00;0.00;0.00;0.00;100.00
axle;60;1415326982;39;0.00;0.00;0.00;0.00;0.00;100.00
axle;60;1415326982;40;0.00;0.00;0.00;0.00;0.00;100.00
axle;60;1415326982;41;0.02;0.00;0.02;0.00;0.00;99.97
axle;60;1415326982;42;0.00;0.00;0.02;0.00;0.00;99.98
axle;60;1415326982;43;0.00;0.00;0.00;0.00;0.00;100.00
axle;60;1415326982;44;21.22;0.00;17.22;0.00;0.00;61.57
axle;60;1415326982;45;0.02;0.00;0.02;0.00;0.00;99.97
axle;60;1415326982;46;2.00;0.00;0.77;0.00;0.00;97.23
axle;60;1415326982;47;0.00;0.00;0.00;0.00;0.00;100.00
axle;60;1415326982;48;0.00;0.00;0.00;0.00;0.00;100.00
axle;60;1415326982;49;0.00;0.00;0.00;0.00;0.00;100.00
axle;60;1415326982;50;0.00;0.00;0.00;0.00;0.00;100.00
axle;60;1415326982;51;0.00;0.00;0.02;0.00;0.00;99.98
axle;60;1415326982;52;0.00;0.00;0.00;0.00;0.00;100.00
axle;60;1415326982;53;0.00;0.00;0.00;0.00;0.00;100.00
axle;60;1415326982;54;0.00;0.00;0.00;0.00;0.00;100.00
axle;60;1415326982;55;1.28;0.00;0.13;0.00;0.00;98.58
axle;60;1415326982;56;0.02;0.00;0.02;0.00;0.00;99.97
axle;60;1415326982;57;0.12;0.00;0.05;0.00;0.00;99.83
axle;60;1415326982;58;0.03;0.00;0.00;0.00;0.00;99.97
axle;60;1415326982;59;0.00;0.00;0.00;0.00;0.00;100.00
axle;60;1415326982;60;0.00;0.00;0.00;0.00;0.00;100.00
axle;60;1415326982;61;0.00;0.00;0.00;0.00;0.00;100.00
axle;60;1415326982;62;0.00;0.00;0.02;0.00;0.00;99.98
axle;60;1415326982;63;0.00;0.00;0.00;0.00;0.00;100.00
axle;60;1415327042;-1;3.00;0.00;0.38;0.00;0.00;96.62
axle;60;1415327042;0;0.00;0.00;0.02;0.00;0.00;99.98
axle;60;1415327042;1;0.00;0.00;0.00;0.00;0.00;100.00
axle;60;1415327042;2;0.02;0.00;0.02;0.00;0.00;99.97
axle;60;1415327042;3;0.02;0.00;0.02;0.00;0.00;99.97
axle;60;1415327042;4;0.02;0.00;0.02;0.00;0.00;99.97
axle;60;1415327042;5;0.00;0.00;0.00;0.00;0.00;100.00
axle;60;1415327042;6;0.02;0.00;0.00;0.00;0.00;99.98
axle;60;1415327042;7;0.02;0.00;0.00;0.00;0.00;99.98
axle;60;1415327042;8;0.00;0.00;0.00;0.02;0.00;99.98
axle;60;1415327042;9;0.00;0.00;0.02;0.00;0.00;99.98
axle;60;1415327042;10;0.03;0.00;0.10;0.00;0.00;99.87
axle;60;1415327042;11;47.99;0.00;9.85;0.00;0.00;42.16
axle;60;1415327042;12;0.02;0.00;0.05;0.00;0.00;99.93
axle;60;1415327042;13;0.05;0.00;0.03;0.00;0.00;99.92
axle;60;1415327042;14;0.12;0.00;0.03;0.00;0.00;99.85
axle;60;1415327042;15;0.00;0.00;0.02;0.00;0.00;99.98
axle;60;1415327042;16;99.72;0.00;0.28;0.00;0.00;0.00
axle;60;1415327042;17;0.18;0.00;0.18;0.00;0.00;99.63
axle;60;1415327042;18;0.33;0.00;0.28;0.00;0.00;99.38
axle;60;1415327042;19;0.74;0.00;0.45;0.00;0.00;98.81
axle;60;1415327042;20;0.17;0.00;0.28;0.00;0.00;99.55
axle;60;1415327042;21;0.42;0.00;0.42;0.00;0.00;99.16
axle;60;1415327042;22;0.82;0.00;2.35;0.00;0.00;96.83
axle;60;1415327042;23;0.05;0.00;0.05;0.00;0.00;99.90
axle;60;1415327042;24;0.00;0.00;0.00;0.00;0.00;100.00
axle;60;1415327042;25;0.00;0.00;0.00;0.00;0.00;100.00
axle;60;1415327042;26;0.00;0.00;0.00;0.00;0.00;100.00
axle;60;1415327042;27;0.00;0.00;0.02;0.00;0.00;99.98
axle;60;1415327042;28;0.00;0.00;0.00;0.00;0.00;100.00
axle;60;1415327042;29;0.00;0.00;0.00;0.00;0.00;100.00
axle;60;1415327042;30;0.00;0.00;0.00;0.00;0.00;100.00
axle;60;1415327042;31;0.00;0.00;0.00;0.00;0.00;100.00
axle;60;1415327042;32;0.00;0.00;0.00;0.00;0.00;100.00
axle;60;1415327042;33;0.02;0.00;0.02;0.00;0.00;99.97
axle;60;1415327042;34;0.00;0.00;0.00;0.00;0.00;100.00
axle;60;1415327042;35;0.00;0.00;0.00;0.00;0.00;100.00
axle;60;1415327042;36;0.00;0.00;0.02;0.00;0.00;99.98
axle;60;1415327042;37;0.00;0.00;0.02;0.00;0.00;99.98
axle;60;1415327042;38;0.00;0.00;0.00;0.00;0.00;100.00
axle;60;1415327042;39;0.00;0.00;0.00;0.00;0.00;100.00
axle;60;1415327042;40;0.00;0.00;0.00;0.00;0.00;100.00
axle;60;1415327042;41;0.00;0.00;0.00;0.00;0.00;100.00
axle;60;1415327042;42;0.00;0.00;0.00;0.00;0.00;100.00
axle;60;1415327042;43;0.00;0.00;0.00;0.00;0.00;100.00
axle;60;1415327042;44;0.00;0.00;0.00;0.00;0.00;100.00
axle;60;1415327042;45;0.02;0.00;0.00;0.00;0.00;99.98
axle;60;1415327042;46;0.10;0.00;0.12;0.00;0.00;99.78
axle;60;1415327042;47;0.00;0.00;0.00;0.00;0.00;100.00
axle;60;1415327042;48;0.00;0.00;0.00;0.00;0.00;100.00
axle;60;1415327042;49;0.00;0.00;0.00;0.00;0.00;100.00
axle;60;1415327042;50;0.00;0.00;0.00;0.00;0.00;100.00
axle;60;1415327042;51;0.00;0.00;0.00;0.00;0.00;100.00
axle;60;1415327042;52;0.00;0.00;0.00;0.00;0.00;100.00
axle;60;1415327042;53;0.00;0.00;0.00;0.00;0.00;100.00
axle;60;1415327042;54;0.00;0.00;0.00;0.00;0.00;100.00
axle;60;1415327042;55;7.04;0.00;0.67;0.00;0.00;92.29
axle;60;1415327042;56;0.00;0.00;0.00;0.00;0.00;100.00
axle;60;1415327042;57;33.86;0.00;9.27;0.00;0.00;56.87
axle;60;1415327042;58;0.00;0.00;0.00;0.00;0.00;100.00
axle;60;1415327042;59;0.00;0.00;0.00;0.00;0.00;100.00
axle;60;1415327042;60;0.02;0.00;0.00;0.00;0.00;99.98
axle;60;1415327042;61;0.00;0.00;0.00;0.00;0.00;100.00
axle;60;1415327042;62;0.00;0.00;0.00;0.00;0.00;100.00
axle;60;1415327042;63;0.00;0.00;0.00;0.00;0.00;100.00
axle;60;1415327102;-1;2.88;0.00;0.54;0.00;0.00;96.58
axle;60;1415327102;0;0.00;0.00;0.00;0.00;0.00;100.00
axle;60;1415327102;1;0.02;0.00;0.00;0.00;0.00;99.98
axle;60;1415327102;2;0.00;0.00;0.00;0.00;0.00;100.00
axle;60;1415327102;3;0.00;0.00;0.02;0.00;0.00;99.98
axle;60;1415327102;4;0.00;0.00;0.00;0.00;0.00;100.00
axle;60;1415327102;5;0.00;0.00;0.00;0.00;0.00;100.00
axle;60;1415327102;6;0.00;0.00;0.00;0.00;0.00;100.00
axle;60;1415327102;7;0.00;0.00;0.00;0.00;0.00;100.00
axle;60;1415327102;8;0.03;0.00;0.02;0.00;0.00;99.95
axle;60;1415327102;9;0.00;0.00;0.03;0.00;0.00;99.97
axle;60;1415327102;10;19.38;0.00;18.00;0.00;0.00;62.62
axle;60;1415327102;11;0.00;0.00;0.00;0.00;0.00;100.00
axle;60;1415327102;12;0.02;0.00;0.02;0.00;0.00;99.97
axle;60;1415327102;13;0.03;0.00;0.07;0.00;0.00;99.90
axle;60;1415327102;14;0.13;0.00;0.05;0.00;0.00;99.82
axle;60;1415327102;15;25.18;0.00;6.85;0.00;0.00;67.97
axle;60;1415327102;16;99.82;0.00;0.18;0.00;0.00;0.00
axle;60;1415327102;17;1.04;0.00;0.65;0.02;0.00;98.29
axle;60;1415327102;18;0.33;0.00;0.45;0.00;0.00;99.21
axle;60;1415327102;19;0.22;0.00;0.23;0.00;0.00;99.55
axle;60;1415327102;20;0.10;0.00;0.13;0.00;0.00;99.77
axle;60;1415327102;21;0.18;0.00;0.13;0.00;0.00;99.68
axle;60;1415327102;22;0.02;0.00;0.05;0.00;0.00;99.93
axle;60;1415327102;23;0.08;0.00;0.13;0.00;0.00;99.78
axle;60;1415327102;24;0.00;0.00;0.00;0.00;0.00;100.00
axle;60;1415327102;25;0.00;0.00;0.00;0.00;0.00;100.00
axle;60;1415327102;26;29.07;0.00;2.93;0.00;0.00;68.00
axle;60;1415327102;27;0.00;0.00;0.00;0.00;0.00;100.00
axle;60;1415327102;28;0.00;0.00;1.32;0.00;0.00;98.68
axle;60;1415327102;29;0.00;0.00;0.00;0.00;0.00;100.00
axle;60;1415327102;30;0.00;0.00;0.00;0.00;0.00;100.00
axle;60;1415327102;31;0.00;0.00;0.00;0.00;0.00;100.00
axle;60;1415327102;32;0.00;0.00;0.00;0.00;0.00;100.00
axle;60;1415327102;33;0.02;0.00;0.07;0.00;0.00;99.92
axle;60;1415327102;34;0.02;0.00;0.02;0.00;0.00;99.97
axle;60;1415327102;35;0.00;0.00;0.02;0.00;0.00;99.98
axle;60;1415327102;36;0.00;0.00;0.00;0.00;0.00;100.00
axle;60;1415327102;37;0.00;0.00;0.00;0.00;0.00;100.00
axle;60;1415327102;38;0.00;0.00;0.00;0.00;0.00;100.00
axle;60;1415327102;39;0.00;0.00;0.00;0.00;0.00;100.00
axle;60;1415327102;40;0.00;0.00;0.02;0.00;0.00;99.98
axle;60;1415327102;41;0.05;0.00;0.03;0.00;0.00;99.92
axle;60;1415327102;42;0.00;0.00;0.00;0.00;0.00;100.00
axle;60;1415327102;43;0.00;0.00;0.00;0.00;0.00;100.00
axle;60;1415327102;44;0.00;0.00;0.00;0.00;0.00;100.00
axle;60;1415327102;45;0.00;0.00;0.00;0.00;0.00;100.00
axle;60;1415327102;46;0.00;0.00;0.00;0.00;0.00;100.00
axle;60;1415327102;47;0.00;0.00;0.00;0.00;0.00;100.00
axle;60;1415327102;48;0.00;0.00;0.00;0.00;0.00;100.00
axle;60;1415327102;49;0.00;0.00;0.00;0.00;0.00;100.00
axle;60;1415327102;50;0.00;0.00;0.00;0.00;0.00;100.00
axle;60;1415327102;51;0.00;0.00;0.00;0.00;0.00;100.00
axle;60;1415327102;52;0.00;0.00;0.00;0.00;0.00;100.00
axle;60;1415327102;53;0.00;0.00;0.00;0.00;0.00;100.00
axle;60;1415327102;54;0.82;0.00;2.20;0.00;0.00;96.98
axle;60;1415327102;55;7.14;0.00;1.03;0.00;0.00;91.83
axle;60;1415327102;56;0.00;0.00;0.00;0.00;0.00;100.00
axle;60;1415327102;57;0.30;0.00;0.13;0.00;0.00;99.57
axle;60;1415327102;58;0.00;0.00;0.00;0.00;0.00;100.00
axle;60;1415327102;59;0.00;0.00;0.00;0.00;0.00;100.00
axle;60;1415327102;60;0.00;0.00;0.00;0.00;0.00;100.00
axle;60;1415327102;61;0.00;0.00;0.00;0.00;0.00;100.00
axle;60;1415327102;62;0.00;0.00;0.00;0.00;0.00;100.00
axle;60;1415327102;63;0.00;0.00;0.00;0.00;0.00;100.00
