ctime,schemaname,relname,seq_scan,seq_tup_read,idx_scan,idx_tup_fetch,n_tup_ins,n_tup_upd,n_tup_del,n_tup_hot_upd,n_live_tup,n_dead_tup,heap_blks_read,heap_blks_hit,idx_blks_read,idx_blks_hit,toast_blks_read,toast_blks_hit,tidx_blks_read,tidx_blks_hit
1415326323.06377,pg_catalog,pg_auth_members,0,0,0,0,0,0,0,0,0,0,0,0,0,0,,,,
1415326323.06377,pg_catalog,pg_operator,0,0,139056,694842,0,0,0,0,0,0,1596,489952,1434,303782,,,,
1415326323.06377,pg_catalog,pg_aggregate,0,0,9526,9526,0,0,0,0,0,0,240,9286,625,16019,,,,
1415326323.06377,pg_catalog,pg_pltemplate,0,0,0,0,0,0,0,0,0,0,0,0,0,0,,,,
1415326323.06377,pg_toast,pg_toast_11615,0,0,0,0,0,0,0,0,0,0,0,0,0,0,,,,
1415326323.06377,pg_catalog,pg_description,0,0,2324,0,0,0,0,0,0,0,0,0,705,4474,0,0,0,0
1415326323.06377,pg_catalog,pg_language,0,0,0,0,0,0,0,0,0,0,0,0,0,0,,,,
1415326323.06377,public,supplier,8,400000,40,40,100000,0,0,0,100000,0,2312,15688,4,83,,,,
1415326323.06377,pg_catalog,pg_ts_parser,0,0,0,0,0,0,0,0,0,0,0,0,0,0,,,,
1415326323.06377,pg_catalog,pg_shseclabel,0,0,0,0,0,0,0,0,0,0,0,0,0,0,,,,
1415326323.06377,public,lineitem,17,539874468,56,56,59986052,0,0,0,59986321,0,10793063,2469311,16,223,,,,
1415326323.06377,pg_catalog,pg_foreign_table,0,0,0,0,0,0,0,0,0,0,0,0,0,0,,,,
1415326323.06377,pg_toast,pg_toast_11620,0,0,0,0,0,0,0,0,0,0,0,0,0,0,,,,
1415326323.06377,pg_catalog,pg_attrdef,0,0,0,0,0,0,0,0,0,0,0,0,0,0,0,0,0,0
1415326323.06377,pg_catalog,pg_ts_template,0,0,0,0,0,0,0,0,0,0,0,0,0,0,,,,
1415326323.06377,pg_catalog,pg_foreign_server,0,0,0,0,0,0,0,0,0,0,0,0,0,0,,,,
1415326323.06377,pg_catalog,pg_default_acl,0,0,2164,0,0,0,0,0,0,0,0,0,223,1941,,,,
1415326323.06377,pg_toast,pg_toast_11595,0,0,0,0,0,0,0,0,0,0,0,0,0,0,,,,
1415326323.06377,public,time_statistics,1,1,,,4,1,0,1,4,1,2,4,,,,,,
1415326323.06377,information_schema,sql_packages,0,0,,,0,0,0,0,0,0,0,0,,,0,0,0,0
1415326323.06377,pg_catalog,pg_attribute,1331,8833,374493,828845,3404,90,3226,76,2425,347,7534,401848,2078,781231,,,,
1415326323.06377,pg_catalog,pg_statistic,0,0,102108,97808,741,2169,678,1774,498,82,7030,96896,780,219253,19201,98121,258,85314
1415326323.06377,public,orders,10,60000000,30,30,15000000,0,0,0,15000000,0,504554,1558810,6,94,,,,
1415326323.06377,pg_toast,pg_toast_2618,0,0,2036,6604,0,0,0,0,0,0,1537,2013,540,2540,,,,
1415326323.06377,pg_toast,pg_toast_3596,0,0,0,0,0,0,0,0,0,0,0,0,0,0,,,,
1415326323.06377,information_schema,sql_features,0,0,,,0,0,0,0,0,0,0,0,,,0,0,0,0
1415326323.06377,pg_catalog,pg_depend,0,0,22204,23852,4119,0,4029,0,5665,215,3630,27907,5699,57599,,,,
1415326323.06377,pg_toast,pg_toast_11605,0,0,0,0,0,0,0,0,0,0,0,0,0,0,,,,
1415326323.06377,pg_catalog,pg_opclass,242,242,108756,1171840,0,0,0,0,0,0,144,418183,539,134662,,,,
1415326323.06377,pg_catalog,pg_proc,0,0,164924,244099,0,0,0,0,0,0,10851,172126,3927,364314,0,0,0,0
1415326323.06377,pg_catalog,pg_trigger,0,0,0,0,0,0,0,0,0,0,0,0,0,0,0,0,0,0
1415326323.06377,information_schema,sql_languages,0,0,,,0,0,0,0,0,0,0,0,,,0,0,0,0
1415326323.06377,pg_catalog,pg_am,18985,18985,0,0,0,0,0,0,0,0,61,18924,0,0,,,,
1415326323.06377,pg_catalog,pg_largeobject_metadata,0,0,0,0,0,0,0,0,0,0,0,0,0,0,,,,
1415326323.06377,pg_catalog,pg_ts_config_map,0,0,0,0,0,0,0,0,0,0,0,0,0,0,,,,
1415326323.06377,pg_catalog,pg_type,0,0,415663,411612,1073,0,1054,0,349,67,1724,414440,2644,836001,,,,
1415326323.06377,information_schema,sql_sizing_profiles,0,0,,,0,0,0,0,0,0,0,0,,,0,0,0,0
1415326323.06377,pg_catalog,pg_shdepend,0,0,2889,564,0,0,0,0,0,0,251,313,991,2972,,,,
1415326323.06377,pg_catalog,pg_conversion,0,0,0,0,0,0,0,0,0,0,0,0,0,0,,,,
1415326323.06377,pg_catalog,pg_foreign_data_wrapper,0,0,0,0,0,0,0,0,0,0,0,0,0,0,,,,
1415326323.06377,pg_catalog,pg_opfamily,0,0,0,0,0,0,0,0,0,0,0,0,0,0,,,,
1415326323.06377,public,part,9,12000000,26,26,2000000,0,0,0,2000000,0,79007,327741,6,80,,,,
1415326323.06377,pg_catalog,pg_shdescription,0,0,0,0,0,0,0,0,0,0,0,0,0,0,0,0,0,0
1415326323.06377,pg_catalog,pg_tablespace,2,4,13222,13222,0,0,0,0,0,0,81,13143,162,26282,,,,
1415326323.06377,pg_catalog,pg_inherits,0,0,531,0,0,0,0,0,0,0,0,0,259,272,,,,
1415326323.06377,pg_toast,pg_toast_2606,0,0,0,0,0,0,0,0,0,0,0,0,0,0,,,,
1415326323.06377,pg_toast,pg_toast_2964,0,0,0,0,0,0,0,0,0,0,0,0,0,0,,,,
1415326323.06377,pg_catalog,pg_database,1527,5895,65716,65714,1,0,0,0,1,0,20,67222,241,103646,,,,
1415326323.06377,pg_toast,pg_toast_2620,0,0,0,0,0,0,0,0,0,0,0,0,0,0,,,,
1415326323.06377,information_schema,sql_sizing,0,0,,,0,0,0,0,0,0,0,0,,,0,0,0,0
1415326323.06377,pg_catalog,pg_amproc,242,484,79920,118846,0,0,0,0,0,0,206,78097,176,178247,,,,
1415326323.06377,pg_catalog,pg_collation,0,0,0,0,0,0,0,0,0,0,0,0,0,0,,,,
1415326323.06377,pg_catalog,pg_constraint,0,0,136,64,72,0,64,0,10,8,40,389,72,708,0,0,0,0
1415326323.06377,pg_catalog,pg_range,0,0,4210,0,0,0,0,0,0,0,0,0,639,7781,,,,
1415326323.06377,pg_toast,pg_toast_11600,0,0,0,0,0,0,0,0,0,0,0,0,0,0,,,,
1415326323.06377,pg_toast,pg_toast_11590,0,0,0,0,0,0,0,0,0,0,0,0,0,0,,,,
1415326323.06377,public,partsupp,4,24000000,40,40,8000000,0,0,0,8000000,0,340611,954549,12,115,,,,
1415326323.06377,information_schema,sql_implementation_info,0,0,,,0,0,0,0,0,0,0,0,,,0,0,0,0
1415326323.06377,pg_catalog,pg_user_mapping,0,0,0,0,0,0,0,0,0,0,0,0,0,0,,,,
1415326323.06377,public,customer,9,9000000,28,28,1500000,0,0,0,1500000,0,68533,294885,6,86,,,,
1415326323.06377,pg_catalog,pg_largeobject,0,0,0,0,0,0,0,0,0,0,0,0,0,0,,,,
1415326323.06377,pg_catalog,pg_namespace,1208,22204,97849,79761,22,0,0,0,22,0,99,80926,1358,117072,,,,
1415326323.06377,information_schema,sql_parts,0,0,,,0,0,0,0,0,0,0,0,,,0,0,0,0
1415326323.06377,pg_catalog,pg_authid,566,566,36381,36381,0,0,0,0,0,0,66,36881,270,72492,,,,
1415326323.06377,pg_catalog,pg_index,2857,274235,181947,263649,402,0,374,0,138,0,927,246954,369,211040,,,,
1415326323.06377,pg_catalog,pg_ts_dict,0,0,0,0,0,0,0,0,0,0,0,0,0,0,,,,
1415326323.06377,pg_catalog,pg_class,6976,1498843,480280,446804,943,301,905,287,326,76,2219,505820,757,953873,,,,
1415326323.06377,pg_toast,pg_toast_2396,0,0,0,0,0,0,0,0,0,0,0,0,0,0,,,,
1415326323.06377,pg_catalog,pg_enum,0,0,0,0,0,0,0,0,0,0,0,0,0,0,,,,
1415326323.06377,pg_catalog,pg_db_role_setting,0,0,57306,0,0,0,0,0,0,0,0,0,60,57246,0,0,0,0
1415326323.06377,public,region,6,10,8,8,5,0,0,0,5,0,1,11,2,9,,,,
1415326323.06377,pg_catalog,pg_seclabel,0,0,2324,0,0,0,0,0,0,0,0,0,223,2101,0,0,0,0
1415326323.06377,public,nation,10,50,42,42,25,0,0,0,25,0,1,45,2,49,,,,
1415326323.06377,pg_toast,pg_toast_2609,0,0,0,0,0,0,0,0,0,0,0,0,0,0,,,,
1415326323.06377,pg_toast,pg_toast_1255,0,0,0,0,0,0,0,0,0,0,0,0,0,0,,,,
1415326323.06377,pg_catalog,pg_rewrite,0,0,5330,4427,301,0,301,0,106,13,2657,4173,1100,7990,1537,2013,540,2540
1415326323.06377,pg_catalog,pg_ts_config,0,0,0,0,0,0,0,0,0,0,0,0,0,0,,,,
1415326323.06377,pg_catalog,pg_extension,0,0,0,0,0,0,0,0,0,0,0,0,0,0,,,,
1415326323.06377,pg_catalog,pg_amop,0,0,161220,234286,0,0,0,0,0,0,304,233982,1000,343367,,,,
1415326323.06377,pg_catalog,pg_cast,0,0,582109,144265,0,0,0,0,0,0,221,144044,132,599571,,,,
1415326323.06377,pg_toast,pg_toast_2619,0,0,73078,244205,2781,0,2530,0,267,6,19201,98121,258,85314,,,,
1415326323.06377,pg_toast,pg_toast_11610,0,0,0,0,0,0,0,0,0,0,0,0,0,0,,,,
1415326323.06377,pg_toast,pg_toast_2604,0,0,0,0,0,0,0,0,0,0,0,0,0,0,,,,
1415326383.0682,pg_catalog,pg_auth_members,0,0,0,0,0,0,0,0,0,0,0,0,0,0,,,,
1415326383.0682,pg_catalog,pg_operator,0,0,139121,695152,0,0,0,0,0,0,1608,490157,1436,303929,,,,
1415326383.0682,pg_catalog,pg_aggregate,0,0,9529,9529,0,0,0,0,0,0,241,9288,627,16023,,,,
1415326383.0682,pg_catalog,pg_pltemplate,0,0,0,0,0,0,0,0,0,0,0,0,0,0,,,,
1415326383.0682,pg_toast,pg_toast_11615,0,0,0,0,0,0,0,0,0,0,0,0,0,0,,,,
1415326383.0682,pg_catalog,pg_description,0,0,2324,0,0,0,0,0,0,0,0,0,705,4474,0,0,0,0
1415326383.0682,pg_catalog,pg_language,0,0,0,0,0,0,0,0,0,0,0,0,0,0,,,,
1415326383.0682,public,supplier,10,500000,25516,25516,100000,0,0,0,100000,0,4491,41164,280,50915,,,,
1415326383.0682,pg_catalog,pg_ts_parser,0,0,0,0,0,0,0,0,0,0,0,0,0,0,,,,
1415326383.0682,pg_catalog,pg_shseclabel,0,0,0,0,0,0,0,0,0,0,0,0,0,0,,,,
1415326383.0682,public,lineitem,17,539874468,59,748966,60045669,0,0,0,60045938,0,11199058,2472014,109829,1305638,,,,
1415326383.0682,pg_catalog,pg_foreign_table,0,0,0,0,0,0,0,0,0,0,0,0,0,0,,,,
1415326383.0682,pg_toast,pg_toast_11620,0,0,0,0,0,0,0,0,0,0,0,0,0,0,,,,
1415326383.0682,pg_catalog,pg_attrdef,0,0,0,0,0,0,0,0,0,0,0,0,0,0,0,0,0,0
1415326383.0682,pg_catalog,pg_ts_template,0,0,0,0,0,0,0,0,0,0,0,0,0,0,,,,
1415326383.0682,pg_catalog,pg_foreign_server,0,0,0,0,0,0,0,0,0,0,0,0,0,0,,,,
1415326383.0682,pg_catalog,pg_default_acl,0,0,2164,0,0,0,0,0,0,0,0,0,223,1941,,,,
1415326383.0682,pg_toast,pg_toast_11595,0,0,0,0,0,0,0,0,0,0,0,0,0,0,,,,
1415326383.0682,public,time_statistics,4,16,,,7,4,0,4,7,4,2,13,,,,,,
1415326383.0682,information_schema,sql_packages,0,0,,,0,0,0,0,0,0,0,0,,,0,0,0,0
1415326383.0682,pg_catalog,pg_attribute,1331,8833,374798,829424,3404,90,3226,76,2425,347,7545,402143,2079,781860,,,,
1415326383.0682,pg_catalog,pg_statistic,0,0,102170,97855,741,2169,678,1774,498,82,7038,96935,781,219386,19228,98135,258,85344
1415326383.0682,public,orders,10,60000000,30,30,15015000,0,0,0,15015000,0,504810,1559367,2826,132769,,,,
1415326383.0682,pg_toast,pg_toast_2618,0,0,2040,6617,0,0,0,0,0,0,1542,2015,540,2546,,,,
1415326383.0682,pg_toast,pg_toast_3596,0,0,0,0,0,0,0,0,0,0,0,0,0,0,,,,
1415326383.0682,information_schema,sql_features,0,0,,,0,0,0,0,0,0,0,0,,,0,0,0,0
1415326383.0682,pg_catalog,pg_depend,0,0,22204,23852,4119,0,4029,0,5665,215,3630,27907,5699,57599,,,,
1415326383.0682,pg_toast,pg_toast_11605,0,0,0,0,0,0,0,0,0,0,0,0,0,0,,,,
1415326383.0682,pg_catalog,pg_opclass,242,242,108811,1172279,0,0,0,0,0,0,144,418346,539,134741,,,,
1415326383.0682,pg_catalog,pg_proc,0,0,165050,244286,0,0,0,0,0,0,10869,172255,3933,364592,0,0,0,0
1415326383.0682,pg_catalog,pg_trigger,0,0,0,0,0,0,0,0,0,0,0,0,0,0,0,0,0,0
1415326383.0682,information_schema,sql_languages,0,0,,,0,0,0,0,0,0,0,0,,,0,0,0,0
1415326383.0682,pg_catalog,pg_am,19005,19005,0,0,0,0,0,0,0,0,61,18944,0,0,,,,
1415326383.0682,pg_catalog,pg_largeobject_metadata,0,0,0,0,0,0,0,0,0,0,0,0,0,0,,,,
1415326383.0682,pg_catalog,pg_ts_config_map,0,0,0,0,0,0,0,0,0,0,0,0,0,0,,,,
1415326383.0682,pg_catalog,pg_type,0,0,415938,411887,1073,0,1054,0,349,67,1725,414714,2644,836566,,,,
1415326383.0682,information_schema,sql_sizing_profiles,0,0,,,0,0,0,0,0,0,0,0,,,0,0,0,0
1415326383.0682,pg_catalog,pg_shdepend,0,0,2889,564,0,0,0,0,0,0,251,313,991,2972,,,,
1415326383.0682,pg_catalog,pg_conversion,0,0,0,0,0,0,0,0,0,0,0,0,0,0,,,,
1415326383.0682,pg_catalog,pg_foreign_data_wrapper,0,0,0,0,0,0,0,0,0,0,0,0,0,0,,,,
1415326383.0682,pg_catalog,pg_opfamily,0,0,0,0,0,0,0,0,0,0,0,0,0,0,,,,
1415326383.0682,public,part,10,14000000,33,2000032,2000000,0,0,0,2000000,0,119529,369021,5475,98,,,,
1415326383.0682,pg_catalog,pg_shdescription,0,0,0,0,0,0,0,0,0,0,0,0,0,0,0,0,0,0
1415326383.0682,pg_catalog,pg_tablespace,2,4,13232,13232,0,0,0,0,0,0,81,13153,162,26302,,,,
1415326383.0682,pg_catalog,pg_inherits,0,0,531,0,0,0,0,0,0,0,0,0,259,272,,,,
1415326383.0682,pg_toast,pg_toast_2606,0,0,0,0,0,0,0,0,0,0,0,0,0,0,,,,
1415326383.0682,pg_toast,pg_toast_2964,0,0,0,0,0,0,0,0,0,0,0,0,0,0,,,,
1415326383.0682,pg_catalog,pg_database,1530,5907,65786,65784,1,0,0,0,1,0,20,67295,241,103758,,,,
1415326383.0682,pg_toast,pg_toast_2620,0,0,0,0,0,0,0,0,0,0,0,0,0,0,,,,
1415326383.0682,information_schema,sql_sizing,0,0,,,0,0,0,0,0,0,0,0,,,0,0,0,0
1415326383.0682,pg_catalog,pg_amproc,242,484,79970,118925,0,0,0,0,0,0,206,78146,176,178367,,,,
1415326383.0682,pg_catalog,pg_collation,0,0,0,0,0,0,0,0,0,0,0,0,0,0,,,,
1415326383.0682,pg_catalog,pg_constraint,0,0,136,64,72,0,64,0,10,8,40,389,72,708,0,0,0,0
1415326383.0682,pg_catalog,pg_range,0,0,4213,0,0,0,0,0,0,0,0,0,641,7785,,,,
1415326383.0682,pg_toast,pg_toast_11600,0,0,0,0,0,0,0,0,0,0,0,0,0,0,,,,
1415326383.0682,pg_toast,pg_toast_11590,0,0,0,0,0,0,0,0,0,0,0,0,0,0,,,,
1415326383.0682,public,partsupp,4,24000000,26470,1629600,8000000,0,0,0,8000000,0,511560,2394701,20079,63884,,,,
1415326383.0682,information_schema,sql_implementation_info,0,0,,,0,0,0,0,0,0,0,0,,,0,0,0,0
1415326383.0682,pg_catalog,pg_user_mapping,0,0,0,0,0,0,0,0,0,0,0,0,0,0,,,,
1415326383.0682,public,customer,9,9000000,28,28,1500000,0,0,0,1500000,0,68533,294885,6,86,,,,
1415326383.0682,pg_catalog,pg_largeobject,0,0,0,0,0,0,0,0,0,0,0,0,0,0,,,,
1415326383.0682,pg_catalog,pg_namespace,1210,22260,98028,79926,22,0,0,0,22,0,99,81093,1360,117265,,,,
1415326383.0682,information_schema,sql_parts,0,0,,,0,0,0,0,0,0,0,0,,,0,0,0,0
1415326383.0682,pg_catalog,pg_authid,567,567,36419,36419,0,0,0,0,0,0,66,36920,270,72568,,,,
1415326383.0682,pg_catalog,pg_index,2861,274787,182045,263784,402,0,374,0,138,0,927,247101,369,211166,,,,
1415326383.0682,pg_catalog,pg_ts_dict,0,0,0,0,0,0,0,0,0,0,0,0,0,0,,,,
1415326383.0682,pg_catalog,pg_class,6987,1501860,480752,447261,943,301,905,287,326,76,2220,506376,757,954852,,,,
1415326383.0682,pg_toast,pg_toast_2396,0,0,0,0,0,0,0,0,0,0,0,0,0,0,,,,
1415326383.0682,pg_catalog,pg_enum,0,0,0,0,0,0,0,0,0,0,0,0,0,0,,,,
1415326383.0682,pg_catalog,pg_db_role_setting,0,0,57369,0,0,0,0,0,0,0,0,0,60,57309,0,0,0,0
1415326383.0682,public,region,6375,31850,12,12,5,0,0,0,5,0,2,6382,4,12,,,,
1415326383.0682,pg_catalog,pg_seclabel,0,0,2324,0,0,0,0,0,0,0,0,0,223,2101,0,0,0,0
1415326383.0682,public,nation,11,75,25518,25518,25,0,0,0,25,0,2,25521,4,25524,,,,
1415326383.0682,pg_toast,pg_toast_2609,0,0,0,0,0,0,0,0,0,0,0,0,0,0,,,,
1415326383.0682,pg_toast,pg_toast_1255,0,0,0,0,0,0,0,0,0,0,0,0,0,0,,,,
1415326383.0682,pg_catalog,pg_rewrite,0,0,5337,4434,301,0,301,0,106,13,2662,4175,1100,8002,1542,2015,540,2546
1415326383.0682,pg_catalog,pg_ts_config,0,0,0,0,0,0,0,0,0,0,0,0,0,0,,,,
1415326383.0682,pg_catalog,pg_extension,0,0,0,0,0,0,0,0,0,0,0,0,0,0,,,,
1415326383.0682,pg_catalog,pg_amop,0,0,161299,234403,0,0,0,0,0,0,306,234097,1000,343540,,,,
1415326383.0682,pg_catalog,pg_cast,0,0,582394,144350,0,0,0,0,0,0,221,144129,132,599869,,,,
1415326383.0682,pg_toast,pg_toast_2619,0,0,73103,244301,2781,0,2530,0,267,6,19228,98135,258,85344,,,,
1415326383.0682,pg_toast,pg_toast_11610,0,0,0,0,0,0,0,0,0,0,0,0,0,0,,,,
1415326383.0682,pg_toast,pg_toast_2604,0,0,0,0,0,0,0,0,0,0,0,0,0,0,,,,
1415326443.07408,pg_catalog,pg_auth_members,0,0,0,0,0,0,0,0,0,0,0,0,0,0,,,,
1415326443.07408,pg_catalog,pg_operator,0,0,139141,695172,0,0,0,0,0,0,1608,490177,1436,303980,,,,
1415326443.07408,pg_catalog,pg_aggregate,0,0,9530,9530,0,0,0,0,0,0,241,9289,627,16025,,,,
1415326443.07408,pg_catalog,pg_pltemplate,0,0,0,0,0,0,0,0,0,0,0,0,0,0,,,,
1415326443.07408,pg_toast,pg_toast_11615,0,0,0,0,0,0,0,0,0,0,0,0,0,0,,,,
1415326443.07408,pg_catalog,pg_description,0,0,2324,0,0,0,0,0,0,0,0,0,705,4474,0,0,0,0
1415326443.07408,pg_catalog,pg_language,0,0,0,0,0,0,0,0,0,0,0,0,0,0,,,,
1415326443.07408,public,supplier,10,500000,25516,25516,100000,0,0,0,100000,0,4491,41164,280,50915,,,,
1415326443.07408,pg_catalog,pg_ts_parser,0,0,0,0,0,0,0,0,0,0,0,0,0,0,,,,
1415326443.07408,pg_catalog,pg_shseclabel,0,0,0,0,0,0,0,0,0,0,0,0,0,0,,,,
1415326443.07408,public,lineitem,17,539874468,59,748966,60045669,0,0,0,60045938,0,11199058,2472014,109829,1305638,,,,
1415326443.07408,pg_catalog,pg_foreign_table,0,0,0,0,0,0,0,0,0,0,0,0,0,0,,,,
1415326443.07408,pg_toast,pg_toast_11620,0,0,0,0,0,0,0,0,0,0,0,0,0,0,,,,
1415326443.07408,pg_catalog,pg_attrdef,0,0,0,0,0,0,0,0,0,0,0,0,0,0,0,0,0,0
1415326443.07408,pg_catalog,pg_ts_template,0,0,0,0,0,0,0,0,0,0,0,0,0,0,,,,
1415326443.07408,pg_catalog,pg_foreign_server,0,0,0,0,0,0,0,0,0,0,0,0,0,0,,,,
1415326443.07408,pg_catalog,pg_default_acl,0,0,2164,0,0,0,0,0,0,0,0,0,223,1941,,,,
1415326443.07408,pg_toast,pg_toast_11595,0,0,0,0,0,0,0,0,0,0,0,0,0,0,,,,
1415326443.07408,public,time_statistics,4,16,,,7,4,0,4,7,4,2,13,,,,,,
1415326443.07408,information_schema,sql_packages,0,0,,,0,0,0,0,0,0,0,0,,,0,0,0,0
1415326443.07408,pg_catalog,pg_attribute,1331,8833,375015,829796,3404,90,3226,76,2425,347,7545,402361,2079,782300,,,,
1415326443.07408,pg_catalog,pg_statistic,0,0,102201,97878,741,2169,678,1774,498,82,7038,96958,781,219455,19228,98139,258,85352
1415326443.07408,public,orders,10,60000000,30,30,15015000,0,0,0,15015000,0,504810,1559367,2826,132769,,,,
1415326443.07408,pg_toast,pg_toast_2618,0,0,2044,6630,0,0,0,0,0,0,1542,2022,540,2552,,,,
1415326443.07408,pg_toast,pg_toast_3596,0,0,0,0,0,0,0,0,0,0,0,0,0,0,,,,
1415326443.07408,information_schema,sql_features,0,0,,,0,0,0,0,0,0,0,0,,,0,0,0,0
1415326443.07408,pg_catalog,pg_depend,0,0,22204,23852,4119,0,4029,0,5665,215,3630,27907,5699,57599,,,,
1415326443.07408,pg_toast,pg_toast_11605,0,0,0,0,0,0,0,0,0,0,0,0,0,0,,,,
1415326443.07408,pg_catalog,pg_opclass,242,242,108833,1172533,0,0,0,0,0,0,144,418430,539,134773,,,,
1415326443.07408,pg_catalog,pg_proc,0,0,165138,244423,0,0,0,0,0,0,10869,172364,3933,364789,0,0,0,0
1415326443.07408,pg_catalog,pg_trigger,0,0,0,0,0,0,0,0,0,0,0,0,0,0,0,0,0,0
1415326443.07408,information_schema,sql_languages,0,0,,,0,0,0,0,0,0,0,0,,,0,0,0,0
1415326443.07408,pg_catalog,pg_am,19011,19011,0,0,0,0,0,0,0,0,61,18950,0,0,,,,
1415326443.07408,pg_catalog,pg_largeobject_metadata,0,0,0,0,0,0,0,0,0,0,0,0,0,0,,,,
1415326443.07408,pg_catalog,pg_ts_config_map,0,0,0,0,0,0,0,0,0,0,0,0,0,0,,,,
1415326443.07408,pg_catalog,pg_type,0,0,416063,412012,1073,0,1054,0,349,67,1725,414839,2644,836823,,,,
1415326443.07408,information_schema,sql_sizing_profiles,0,0,,,0,0,0,0,0,0,0,0,,,0,0,0,0
1415326443.07408,pg_catalog,pg_shdepend,0,0,2889,564,0,0,0,0,0,0,251,313,991,2972,,,,
1415326443.07408,pg_catalog,pg_conversion,0,0,0,0,0,0,0,0,0,0,0,0,0,0,,,,
1415326443.07408,pg_catalog,pg_foreign_data_wrapper,0,0,0,0,0,0,0,0,0,0,0,0,0,0,,,,
1415326443.07408,pg_catalog,pg_opfamily,0,0,0,0,0,0,0,0,0,0,0,0,0,0,,,,
1415326443.07408,public,part,10,14000000,33,2000032,2000000,0,0,0,2000000,0,119529,369021,5475,98,,,,
1415326443.07408,pg_catalog,pg_shdescription,0,0,0,0,0,0,0,0,0,0,0,0,0,0,0,0,0,0
1415326443.07408,pg_catalog,pg_tablespace,2,4,13239,13239,0,0,0,0,0,0,81,13160,162,26316,,,,
1415326443.07408,pg_catalog,pg_inherits,0,0,531,0,0,0,0,0,0,0,0,0,259,272,,,,
1415326443.07408,pg_toast,pg_toast_2606,0,0,0,0,0,0,0,0,0,0,0,0,0,0,,,,
1415326443.07408,pg_toast,pg_toast_2964,0,0,0,0,0,0,0,0,0,0,0,0,0,0,,,,
1415326443.07408,pg_catalog,pg_database,1533,5919,65819,65817,1,0,0,0,1,0,20,67331,241,103805,,,,
1415326443.07408,pg_toast,pg_toast_2620,0,0,0,0,0,0,0,0,0,0,0,0,0,0,,,,
1415326443.07408,information_schema,sql_sizing,0,0,,,0,0,0,0,0,0,0,0,,,0,0,0,0
1415326443.07408,pg_catalog,pg_amproc,242,484,79991,118956,0,0,0,0,0,0,206,78167,176,178415,,,,
1415326443.07408,pg_catalog,pg_collation,0,0,0,0,0,0,0,0,0,0,0,0,0,0,,,,
1415326443.07408,pg_catalog,pg_constraint,0,0,136,64,72,0,64,0,10,8,40,389,72,708,0,0,0,0
1415326443.07408,pg_catalog,pg_range,0,0,4213,0,0,0,0,0,0,0,0,0,641,7785,,,,
1415326443.07408,pg_toast,pg_toast_11600,0,0,0,0,0,0,0,0,0,0,0,0,0,0,,,,
1415326443.07408,pg_toast,pg_toast_11590,0,0,0,0,0,0,0,0,0,0,0,0,0,0,,,,
1415326443.07408,public,partsupp,4,24000000,26470,1629600,8000000,0,0,0,8000000,0,511560,2394701,20079,63884,,,,
1415326443.07408,information_schema,sql_implementation_info,0,0,,,0,0,0,0,0,0,0,0,,,0,0,0,0
1415326443.07408,pg_catalog,pg_user_mapping,0,0,0,0,0,0,0,0,0,0,0,0,0,0,,,,
1415326443.07408,public,customer,9,9000000,28,28,1500000,0,0,0,1500000,0,68533,294885,6,86,,,,
1415326443.07408,pg_catalog,pg_largeobject,0,0,0,0,0,0,0,0,0,0,0,0,0,0,,,,
1415326443.07408,pg_catalog,pg_namespace,1212,22316,98187,80078,22,0,0,0,22,0,99,81247,1360,117432,,,,
1415326443.07408,information_schema,sql_parts,0,0,,,0,0,0,0,0,0,0,0,,,0,0,0,0
1415326443.07408,pg_catalog,pg_authid,569,569,36429,36429,0,0,0,0,0,0,66,36932,270,72588,,,,
1415326443.07408,pg_catalog,pg_index,2865,275339,182085,263837,402,0,374,0,138,0,927,247165,369,211219,,,,
1415326443.07408,pg_catalog,pg_ts_dict,0,0,0,0,0,0,0,0,0,0,0,0,0,0,,,,
1415326443.07408,pg_catalog,pg_class,6999,1505203,481101,447610,943,301,905,287,326,76,2220,506834,757,955564,,,,
1415326443.07408,pg_toast,pg_toast_2396,0,0,0,0,0,0,0,0,0,0,0,0,0,0,,,,
1415326443.07408,pg_catalog,pg_enum,0,0,0,0,0,0,0,0,0,0,0,0,0,0,,,,
1415326443.07408,pg_catalog,pg_db_role_setting,0,0,57390,0,0,0,0,0,0,0,0,0,60,57330,0,0,0,0
1415326443.07408,public,region,6375,31850,12,12,5,0,0,0,5,0,2,6382,4,12,,,,
1415326443.07408,pg_catalog,pg_seclabel,0,0,2324,0,0,0,0,0,0,0,0,0,223,2101,0,0,0,0
1415326443.07408,public,nation,11,75,25518,25518,25,0,0,0,25,0,2,25521,4,25524,,,,
1415326443.07408,pg_toast,pg_toast_2609,0,0,0,0,0,0,0,0,0,0,0,0,0,0,,,,
1415326443.07408,pg_toast,pg_toast_1255,0,0,0,0,0,0,0,0,0,0,0,0,0,0,,,,
1415326443.07408,pg_catalog,pg_rewrite,0,0,5346,4443,301,0,301,0,106,13,2662,4184,1100,8018,1542,2022,540,2552
1415326443.07408,pg_catalog,pg_ts_config,0,0,0,0,0,0,0,0,0,0,0,0,0,0,,,,
1415326443.07408,pg_catalog,pg_extension,0,0,0,0,0,0,0,0,0,0,0,0,0,0,,,,
1415326443.07408,pg_catalog,pg_amop,0,0,161348,234464,0,0,0,0,0,0,306,234158,1000,343650,,,,
1415326443.07408,pg_catalog,pg_cast,0,0,582497,144389,0,0,0,0,0,0,221,144168,132,599979,,,,
1415326443.07408,pg_toast,pg_toast_2619,0,0,73107,244309,2781,0,2530,0,267,6,19228,98139,258,85352,,,,
1415326443.07408,pg_toast,pg_toast_11610,0,0,0,0,0,0,0,0,0,0,0,0,0,0,,,,
1415326443.07408,pg_toast,pg_toast_2604,0,0,0,0,0,0,0,0,0,0,0,0,0,0,,,,
1415326503.07307,pg_catalog,pg_auth_members,0,0,0,0,0,0,0,0,0,0,0,0,0,0,,,,
1415326503.07307,pg_catalog,pg_operator,0,0,139249,695840,0,0,0,0,0,0,1609,490650,1437,304218,,,,
1415326503.07307,pg_catalog,pg_aggregate,0,0,9536,9536,0,0,0,0,0,0,241,9295,627,16036,,,,
1415326503.07307,pg_catalog,pg_pltemplate,0,0,0,0,0,0,0,0,0,0,0,0,0,0,,,,
1415326503.07307,pg_toast,pg_toast_11615,0,0,0,0,0,0,0,0,0,0,0,0,0,0,,,,
1415326503.07307,pg_catalog,pg_description,0,0,2324,0,0,0,0,0,0,0,0,0,705,4474,0,0,0,0
1415326503.07307,pg_catalog,pg_language,0,0,0,0,0,0,0,0,0,0,0,0,0,0,,,,
1415326503.07307,public,supplier,12,600000,3283686,3283686,100000,0,0,0,100000,0,4491,3301513,280,6585443,,,,
1415326503.07307,pg_catalog,pg_ts_parser,0,0,0,0,0,0,0,0,0,0,0,0,0,0,,,,
1415326503.07307,pg_catalog,pg_shseclabel,0,0,0,0,0,0,0,0,0,0,0,0,0,0,,,,
1415326503.07307,public,lineitem,18,599920137,91402,12549934,60045669,0,0,0,60045938,0,12979666,5451316,160506,1658796,,,,
1415326503.07307,pg_catalog,pg_foreign_table,0,0,0,0,0,0,0,0,0,0,0,0,0,0,,,,
1415326503.07307,pg_toast,pg_toast_11620,0,0,0,0,0,0,0,0,0,0,0,0,0,0,,,,
1415326503.07307,pg_catalog,pg_attrdef,0,0,0,0,0,0,0,0,0,0,0,0,0,0,0,0,0,0
1415326503.07307,pg_catalog,pg_ts_template,0,0,0,0,0,0,0,0,0,0,0,0,0,0,,,,
1415326503.07307,pg_catalog,pg_foreign_server,0,0,0,0,0,0,0,0,0,0,0,0,0,0,,,,
1415326503.07307,pg_catalog,pg_default_acl,0,0,2164,0,0,0,0,0,0,0,0,0,223,1941,,,,
1415326503.07307,pg_toast,pg_toast_11595,0,0,0,0,0,0,0,0,0,0,0,0,0,0,,,,
1415326503.07307,public,time_statistics,8,50,,,11,8,0,8,11,8,2,25,,,,,,
1415326503.07307,information_schema,sql_packages,0,0,,,0,0,0,0,0,0,0,0,,,0,0,0,0
1415326503.07307,pg_catalog,pg_attribute,1331,8833,375346,830439,3404,90,3226,76,2425,347,7545,402693,2080,782979,,,,
1415326503.07307,pg_catalog,pg_statistic,0,0,102282,97943,741,2169,678,1774,498,82,7041,97020,781,219628,19236,98203,258,85408
1415326503.07307,public,orders,10,60000000,3258194,3258194,15015000,0,0,0,15015000,0,758077,4564264,43912,9884167,,,,
1415326503.07307,pg_toast,pg_toast_2618,0,0,2048,6643,0,0,0,0,0,0,1542,2029,540,2558,,,,
1415326503.07307,pg_toast,pg_toast_3596,0,0,0,0,0,0,0,0,0,0,0,0,0,0,,,,
1415326503.07307,information_schema,sql_features,0,0,,,0,0,0,0,0,0,0,0,,,0,0,0,0
1415326503.07307,pg_catalog,pg_depend,0,0,22204,23852,4119,0,4029,0,5665,215,3630,27907,5699,57599,,,,
1415326503.07307,pg_toast,pg_toast_11605,0,0,0,0,0,0,0,0,0,0,0,0,0,0,,,,
1415326503.07307,pg_catalog,pg_opclass,242,242,108892,1172976,0,0,0,0,0,0,144,418597,539,134854,,,,
1415326503.07307,pg_catalog,pg_proc,0,0,165293,244640,0,0,0,0,0,0,10872,172532,3935,365131,0,0,0,0
1415326503.07307,pg_catalog,pg_trigger,0,0,0,0,0,0,0,0,0,0,0,0,0,0,0,0,0,0
1415326503.07307,information_schema,sql_languages,0,0,,,0,0,0,0,0,0,0,0,,,0,0,0,0
1415326503.07307,pg_catalog,pg_am,19029,19029,0,0,0,0,0,0,0,0,61,18968,0,0,,,,
1415326503.07307,pg_catalog,pg_largeobject_metadata,0,0,0,0,0,0,0,0,0,0,0,0,0,0,,,,
1415326503.07307,pg_catalog,pg_ts_config_map,0,0,0,0,0,0,0,0,0,0,0,0,0,0,,,,
1415326503.07307,pg_catalog,pg_type,0,0,416435,412384,1073,0,1054,0,349,67,1725,415211,2645,837584,,,,
1415326503.07307,information_schema,sql_sizing_profiles,0,0,,,0,0,0,0,0,0,0,0,,,0,0,0,0
1415326503.07307,pg_catalog,pg_shdepend,0,0,2889,564,0,0,0,0,0,0,251,313,991,2972,,,,
1415326503.07307,pg_catalog,pg_conversion,0,0,0,0,0,0,0,0,0,0,0,0,0,0,,,,
1415326503.07307,pg_catalog,pg_foreign_data_wrapper,0,0,0,0,0,0,0,0,0,0,0,0,0,0,,,,
1415326503.07307,pg_catalog,pg_opfamily,0,0,0,0,0,0,0,0,0,0,0,0,0,0,,,,
1415326503.07307,public,part,12,18000000,46,2001971,2000000,0,0,0,2000000,0,121409,450076,5497,131,,,,
1415326503.07307,pg_catalog,pg_shdescription,0,0,0,0,0,0,0,0,0,0,0,0,0,0,0,0,0,0
1415326503.07307,pg_catalog,pg_tablespace,2,4,13250,13250,0,0,0,0,0,0,81,13171,162,26338,,,,
1415326503.07307,pg_catalog,pg_inherits,0,0,531,0,0,0,0,0,0,0,0,0,259,272,,,,
1415326503.07307,pg_toast,pg_toast_2606,0,0,0,0,0,0,0,0,0,0,0,0,0,0,,,,
1415326503.07307,pg_toast,pg_toast_2964,0,0,0,0,0,0,0,0,0,0,0,0,0,0,,,,
1415326503.07307,pg_catalog,pg_database,1536,5931,65878,65876,1,0,0,0,1,0,20,67393,241,103902,,,,
1415326503.07307,pg_toast,pg_toast_2620,0,0,0,0,0,0,0,0,0,0,0,0,0,0,,,,
1415326503.07307,information_schema,sql_sizing,0,0,,,0,0,0,0,0,0,0,0,,,0,0,0,0
1415326503.07307,pg_catalog,pg_amproc,242,484,80044,119039,0,0,0,0,0,0,206,78218,176,178539,,,,
1415326503.07307,pg_catalog,pg_collation,0,0,0,0,0,0,0,0,0,0,0,0,0,0,,,,
1415326503.07307,pg_catalog,pg_constraint,0,0,136,64,72,0,64,0,10,8,40,389,72,708,0,0,0,0
1415326503.07307,pg_catalog,pg_range,0,0,4217,0,0,0,0,0,0,0,0,0,643,7791,,,,
1415326503.07307,pg_toast,pg_toast_11600,0,0,0,0,0,0,0,0,0,0,0,0,0,0,,,,
1415326503.07307,pg_toast,pg_toast_11590,0,0,0,0,0,0,0,0,0,0,0,0,0,0,,,,
1415326503.07307,public,partsupp,4,24000000,48358,9717027,8000000,0,0,0,8000000,0,511569,2831330,37705,134160,,,,
1415326503.07307,information_schema,sql_implementation_info,0,0,,,0,0,0,0,0,0,0,0,,,0,0,0,0
1415326503.07307,pg_catalog,pg_user_mapping,0,0,0,0,0,0,0,0,0,0,0,0,0,0,,,,
1415326503.07307,public,customer,9,9000000,28,28,1500000,0,0,0,1500000,0,68533,294885,6,86,,,,
1415326503.07307,pg_catalog,pg_largeobject,0,0,0,0,0,0,0,0,0,0,0,0,0,0,,,,
1415326503.07307,pg_catalog,pg_namespace,1214,22372,98370,80246,22,0,0,0,22,0,99,81417,1361,117631,,,,
1415326503.07307,information_schema,sql_parts,0,0,,,0,0,0,0,0,0,0,0,,,0,0,0,0
1415326503.07307,pg_catalog,pg_authid,569,569,36463,36463,0,0,0,0,0,0,66,36966,270,72656,,,,
1415326503.07307,pg_catalog,pg_index,2869,275891,182209,264016,402,0,374,0,138,0,927,247358,369,211368,,,,
1415326503.07307,pg_catalog,pg_ts_dict,0,0,0,0,0,0,0,0,0,0,0,0,0,0,,,,
1415326503.07307,pg_catalog,pg_class,7009,1507894,481617,448104,943,301,905,287,326,76,2220,507419,757,956630,,,,
1415326503.07307,pg_toast,pg_toast_2396,0,0,0,0,0,0,0,0,0,0,0,0,0,0,,,,
1415326503.07307,pg_catalog,pg_enum,0,0,0,0,0,0,0,0,0,0,0,0,0,0,,,,
1415326503.07307,pg_catalog,pg_db_role_setting,0,0,57447,0,0,0,0,0,0,0,0,0,60,57387,0,0,0,0
1415326503.07307,public,region,6375,31850,12,12,5,0,0,0,5,0,2,6382,4,12,,,,
1415326503.07307,pg_catalog,pg_seclabel,0,0,2324,0,0,0,0,0,0,0,0,0,223,2101,0,0,0,0
1415326503.07307,public,nation,12,100,3283684,3283684,25,0,0,0,25,0,2,3283688,4,3283692,,,,
1415326503.07307,pg_toast,pg_toast_2609,0,0,0,0,0,0,0,0,0,0,0,0,0,0,,,,
1415326503.07307,pg_toast,pg_toast_1255,0,0,0,0,0,0,0,0,0,0,0,0,0,0,,,,
1415326503.07307,pg_catalog,pg_rewrite,0,0,5351,4448,301,0,301,0,106,13,2662,4189,1100,8026,1542,2029,540,2558
1415326503.07307,pg_catalog,pg_ts_config,0,0,0,0,0,0,0,0,0,0,0,0,0,0,,,,
1415326503.07307,pg_catalog,pg_extension,0,0,0,0,0,0,0,0,0,0,0,0,0,0,,,,
1415326503.07307,pg_catalog,pg_amop,0,0,161437,234600,0,0,0,0,0,0,306,234294,1000,343844,,,,
1415326503.07307,pg_catalog,pg_cast,0,0,582901,144504,0,0,0,0,0,0,221,144283,132,600398,,,,
1415326503.07307,pg_toast,pg_toast_2619,0,0,73157,244478,2781,0,2530,0,267,6,19236,98203,258,85408,,,,
1415326503.07307,pg_toast,pg_toast_11610,0,0,0,0,0,0,0,0,0,0,0,0,0,0,,,,
1415326503.07307,pg_toast,pg_toast_2604,0,0,0,0,0,0,0,0,0,0,0,0,0,0,,,,
1415326563.07585,pg_catalog,pg_auth_members,0,0,0,0,0,0,0,0,0,0,0,0,0,0,,,,
1415326563.07585,pg_catalog,pg_operator,0,0,139285,695986,0,0,0,0,0,0,1609,490758,1437,304306,,,,
1415326563.07585,pg_catalog,pg_aggregate,0,0,9538,9538,0,0,0,0,0,0,241,9297,627,16040,,,,
1415326563.07585,pg_catalog,pg_pltemplate,0,0,0,0,0,0,0,0,0,0,0,0,0,0,,,,
1415326563.07585,pg_toast,pg_toast_11615,0,0,0,0,0,0,0,0,0,0,0,0,0,0,,,,
1415326563.07585,pg_catalog,pg_description,0,0,2324,0,0,0,0,0,0,0,0,0,705,4474,0,0,0,0
1415326563.07585,pg_catalog,pg_language,0,0,0,0,0,0,0,0,0,0,0,0,0,0,,,,
1415326563.07585,public,supplier,12,600000,3283686,3283686,100000,0,0,0,100000,0,4491,3301513,280,6585443,,,,
1415326563.07585,pg_catalog,pg_ts_parser,0,0,0,0,0,0,0,0,0,0,0,0,0,0,,,,
1415326563.07585,pg_catalog,pg_shseclabel,0,0,0,0,0,0,0,0,0,0,0,0,0,0,,,,
1415326563.07585,public,lineitem,20,720011475,91406,12549938,60045669,0,0,0,60045938,0,13370189,7193747,160514,1658805,,,,
1415326563.07585,pg_catalog,pg_foreign_table,0,0,0,0,0,0,0,0,0,0,0,0,0,0,,,,
1415326563.07585,pg_toast,pg_toast_11620,0,0,0,0,0,0,0,0,0,0,0,0,0,0,,,,
1415326563.07585,pg_catalog,pg_attrdef,0,0,0,0,0,0,0,0,0,0,0,0,0,0,0,0,0,0
1415326563.07585,pg_catalog,pg_ts_template,0,0,0,0,0,0,0,0,0,0,0,0,0,0,,,,
1415326563.07585,pg_catalog,pg_foreign_server,0,0,0,0,0,0,0,0,0,0,0,0,0,0,,,,
1415326563.07585,pg_catalog,pg_default_acl,0,0,2164,0,0,0,0,0,0,0,0,0,223,1941,,,,
1415326563.07585,pg_toast,pg_toast_11595,0,0,0,0,0,0,0,0,0,0,0,0,0,0,,,,
1415326563.07585,public,time_statistics,9,61,,,12,9,0,9,12,9,2,28,,,,,,
1415326563.07585,information_schema,sql_packages,0,0,,,0,0,0,0,0,0,0,0,,,0,0,0,0
1415326563.07585,pg_catalog,pg_attribute,1331,8833,375602,830907,3404,90,3226,76,2425,347,7545,402950,2080,783500,,,,
1415326563.07585,pg_catalog,pg_statistic,0,0,102326,97976,741,2169,678,1774,498,82,7043,97051,781,219725,19242,98215,258,85427
1415326563.07585,public,orders,11,75015000,3258198,3258198,15015000,0,0,0,15015000,0,1011291,4564576,43918,9884174,,,,
1415326563.07585,pg_toast,pg_toast_2618,0,0,2052,6656,0,0,0,0,0,0,1547,2031,540,2564,,,,
1415326563.07585,pg_toast,pg_toast_3596,0,0,0,0,0,0,0,0,0,0,0,0,0,0,,,,
1415326563.07585,information_schema,sql_features,0,0,,,0,0,0,0,0,0,0,0,,,0,0,0,0
1415326563.07585,pg_catalog,pg_depend,0,0,22204,23852,4119,0,4029,0,5665,215,3630,27907,5699,57599,,,,
1415326563.07585,pg_toast,pg_toast_11605,0,0,0,0,0,0,0,0,0,0,0,0,0,0,,,,
1415326563.07585,pg_catalog,pg_opclass,242,242,108938,1173558,0,0,0,0,0,0,144,418797,539,134914,,,,
1415326563.07585,pg_catalog,pg_proc,0,0,165401,244804,0,0,0,0,0,0,10877,172657,3935,365374,0,0,0,0
1415326563.07585,pg_catalog,pg_trigger,0,0,0,0,0,0,0,0,0,0,0,0,0,0,0,0,0,0
1415326563.07585,information_schema,sql_languages,0,0,,,0,0,0,0,0,0,0,0,,,0,0,0,0
1415326563.07585,pg_catalog,pg_am,19038,19038,0,0,0,0,0,0,0,0,61,18977,0,0,,,,
1415326563.07585,pg_catalog,pg_largeobject_metadata,0,0,0,0,0,0,0,0,0,0,0,0,0,0,,,,
1415326563.07585,pg_catalog,pg_ts_config_map,0,0,0,0,0,0,0,0,0,0,0,0,0,0,,,,
1415326563.07585,pg_catalog,pg_type,0,0,416645,412594,1073,0,1054,0,349,67,1725,415421,2645,838014,,,,
1415326563.07585,information_schema,sql_sizing_profiles,0,0,,,0,0,0,0,0,0,0,0,,,0,0,0,0
1415326563.07585,pg_catalog,pg_shdepend,0,0,2889,564,0,0,0,0,0,0,251,313,991,2972,,,,
1415326563.07585,pg_catalog,pg_conversion,0,0,0,0,0,0,0,0,0,0,0,0,0,0,,,,
1415326563.07585,pg_catalog,pg_foreign_data_wrapper,0,0,0,0,0,0,0,0,0,0,0,0,0,0,,,,
1415326563.07585,pg_catalog,pg_opfamily,0,0,0,0,0,0,0,0,0,0,0,0,0,0,,,,
1415326563.07585,public,part,12,18000000,46,2001971,2000000,0,0,0,2000000,0,121409,450076,5497,131,,,,
1415326563.07585,pg_catalog,pg_shdescription,0,0,0,0,0,0,0,0,0,0,0,0,0,0,0,0,0,0
1415326563.07585,pg_catalog,pg_tablespace,2,4,13259,13259,0,0,0,0,0,0,81,13180,162,26356,,,,
1415326563.07585,pg_catalog,pg_inherits,0,0,531,0,0,0,0,0,0,0,0,0,259,272,,,,
1415326563.07585,pg_toast,pg_toast_2606,0,0,0,0,0,0,0,0,0,0,0,0,0,0,,,,
1415326563.07585,pg_toast,pg_toast_2964,0,0,0,0,0,0,0,0,0,0,0,0,0,0,,,,
1415326563.07585,pg_catalog,pg_database,1539,5943,65920,65918,1,0,0,0,1,0,20,67438,241,103964,,,,
1415326563.07585,pg_toast,pg_toast_2620,0,0,0,0,0,0,0,0,0,0,0,0,0,0,,,,
1415326563.07585,information_schema,sql_sizing,0,0,,,0,0,0,0,0,0,0,0,,,0,0,0,0
1415326563.07585,pg_catalog,pg_amproc,242,484,80082,119092,0,0,0,0,0,0,206,78255,176,178624,,,,
1415326563.07585,pg_catalog,pg_collation,0,0,0,0,0,0,0,0,0,0,0,0,0,0,,,,
1415326563.07585,pg_catalog,pg_constraint,0,0,136,64,72,0,64,0,10,8,40,389,72,708,0,0,0,0
1415326563.07585,pg_catalog,pg_range,0,0,4218,0,0,0,0,0,0,0,0,0,643,7793,,,,
1415326563.07585,pg_toast,pg_toast_11600,0,0,0,0,0,0,0,0,0,0,0,0,0,0,,,,
1415326563.07585,pg_toast,pg_toast_11590,0,0,0,0,0,0,0,0,0,0,0,0,0,0,,,,
1415326563.07585,public,partsupp,4,24000000,48358,9717027,8000000,0,0,0,8000000,0,511569,2831330,37705,134160,,,,
1415326563.07585,information_schema,sql_implementation_info,0,0,,,0,0,0,0,0,0,0,0,,,0,0,0,0
1415326563.07585,pg_catalog,pg_user_mapping,0,0,0,0,0,0,0,0,0,0,0,0,0,0,,,,
1415326563.07585,public,customer,10,10500000,32,32,1500000,0,0,0,1500000,0,103811,294889,12,93,,,,
1415326563.07585,pg_catalog,pg_largeobject,0,0,0,0,0,0,0,0,0,0,0,0,0,0,,,,
1415326563.07585,pg_catalog,pg_namespace,1216,22428,98538,80404,22,0,0,0,22,0,99,81577,1361,117811,,,,
1415326563.07585,information_schema,sql_parts,0,0,,,0,0,0,0,0,0,0,0,,,0,0,0,0
1415326563.07585,pg_catalog,pg_authid,571,571,36479,36479,0,0,0,0,0,0,66,36984,270,72688,,,,
1415326563.07585,pg_catalog,pg_index,2873,276443,182273,264106,402,0,374,0,138,0,927,247459,369,211449,,,,
1415326563.07585,pg_catalog,pg_ts_dict,0,0,0,0,0,0,0,0,0,0,0,0,0,0,,,,
1415326563.07585,pg_catalog,pg_class,7021,1511237,482011,448493,943,301,905,287,326,76,2221,507916,757,957438,,,,
1415326563.07585,pg_toast,pg_toast_2396,0,0,0,0,0,0,0,0,0,0,0,0,0,0,,,,
1415326563.07585,pg_catalog,pg_enum,0,0,0,0,0,0,0,0,0,0,0,0,0,0,,,,
1415326563.07585,pg_catalog,pg_db_role_setting,0,0,57477,0,0,0,0,0,0,0,0,0,60,57417,0,0,0,0
1415326563.07585,public,region,6375,31850,12,12,5,0,0,0,5,0,2,6382,4,12,,,,
1415326563.07585,pg_catalog,pg_seclabel,0,0,2324,0,0,0,0,0,0,0,0,0,223,2101,0,0,0,0
1415326563.07585,public,nation,12,100,3283684,3283684,25,0,0,0,25,0,2,3283688,4,3283692,,,,
1415326563.07585,pg_toast,pg_toast_2609,0,0,0,0,0,0,0,0,0,0,0,0,0,0,,,,
1415326563.07585,pg_toast,pg_toast_1255,0,0,0,0,0,0,0,0,0,0,0,0,0,0,,,,
1415326563.07585,pg_catalog,pg_rewrite,0,0,5360,4457,301,0,301,0,106,13,2667,4193,1100,8042,1547,2031,540,2564
1415326563.07585,pg_catalog,pg_ts_config,0,0,0,0,0,0,0,0,0,0,0,0,0,0,,,,
1415326563.07585,pg_catalog,pg_extension,0,0,0,0,0,0,0,0,0,0,0,0,0,0,,,,
1415326563.07585,pg_catalog,pg_amop,0,0,161515,234705,0,0,0,0,0,0,306,234399,1000,344015,,,,
1415326563.07585,pg_catalog,pg_cast,0,0,583155,144567,0,0,0,0,0,0,221,144346,132,600662,,,,
1415326563.07585,pg_toast,pg_toast_2619,0,0,73171,244517,2781,0,2530,0,267,6,19242,98215,258,85427,,,,
1415326563.07585,pg_toast,pg_toast_11610,0,0,0,0,0,0,0,0,0,0,0,0,0,0,,,,
1415326563.07585,pg_toast,pg_toast_2604,0,0,0,0,0,0,0,0,0,0,0,0,0,0,,,,
1415326623.08167,pg_catalog,pg_auth_members,0,0,0,0,0,0,0,0,0,0,0,0,0,0,,,,
1415326623.08167,pg_catalog,pg_operator,0,0,139329,696185,0,0,0,0,0,0,1609,490897,1437,304405,,,,
1415326623.08167,pg_catalog,pg_aggregate,0,0,9540,9540,0,0,0,0,0,0,241,9299,627,16044,,,,
1415326623.08167,pg_catalog,pg_pltemplate,0,0,0,0,0,0,0,0,0,0,0,0,0,0,,,,
1415326623.08167,pg_toast,pg_toast_11615,0,0,0,0,0,0,0,0,0,0,0,0,0,0,,,,
1415326623.08167,pg_catalog,pg_description,0,0,2324,0,0,0,0,0,0,0,0,0,705,4474,0,0,0,0
1415326623.08167,pg_catalog,pg_language,0,0,0,0,0,0,0,0,0,0,0,0,0,0,,,,
1415326623.08167,public,supplier,12,600000,3308061,3308061,100000,0,0,0,100000,0,6669,3323710,556,6634044,,,,
1415326623.08167,pg_catalog,pg_ts_parser,0,0,0,0,0,0,0,0,0,0,0,0,0,0,,,,
1415326623.08167,pg_catalog,pg_shseclabel,0,0,0,0,0,0,0,0,0,0,0,0,0,0,,,,
1415326623.08167,public,lineitem,20,720011475,104775,12950814,60045669,0,0,0,60045938,0,13498415,7466397,176846,1698030,,,,
1415326623.08167,pg_catalog,pg_foreign_table,0,0,0,0,0,0,0,0,0,0,0,0,0,0,,,,
1415326623.08167,pg_toast,pg_toast_11620,0,0,0,0,0,0,0,0,0,0,0,0,0,0,,,,
1415326623.08167,pg_catalog,pg_attrdef,0,0,0,0,0,0,0,0,0,0,0,0,0,0,0,0,0,0
1415326623.08167,pg_catalog,pg_ts_template,0,0,0,0,0,0,0,0,0,0,0,0,0,0,,,,
1415326623.08167,pg_catalog,pg_foreign_server,0,0,0,0,0,0,0,0,0,0,0,0,0,0,,,,
1415326623.08167,pg_catalog,pg_default_acl,0,0,2164,0,0,0,0,0,0,0,0,0,223,1941,,,,
1415326623.08167,pg_toast,pg_toast_11595,0,0,0,0,0,0,0,0,0,0,0,0,0,0,,,,
1415326623.08167,public,time_statistics,10,73,,,13,10,0,10,13,10,2,31,,,,,,
1415326623.08167,information_schema,sql_packages,0,0,,,0,0,0,0,0,0,0,0,,,0,0,0,0
1415326623.08167,pg_catalog,pg_attribute,1331,8833,375841,831334,3404,90,3226,76,2425,347,7547,403188,2080,783987,,,,
1415326623.08167,pg_catalog,pg_statistic,0,0,102372,98015,741,2169,678,1774,498,82,7046,97087,781,219823,19245,98235,258,85450
1415326623.08167,public,orders,11,75015000,3258203,7820163,15015000,0,0,0,15015000,0,1025097,4804296,56374,9884187,,,,
1415326623.08167,pg_toast,pg_toast_2618,0,0,2056,6669,0,0,0,0,0,0,1547,2038,540,2570,,,,
1415326623.08167,pg_toast,pg_toast_3596,0,0,0,0,0,0,0,0,0,0,0,0,0,0,,,,
1415326623.08167,information_schema,sql_features,0,0,,,0,0,0,0,0,0,0,0,,,0,0,0,0
1415326623.08167,pg_catalog,pg_depend,0,0,22204,23852,4119,0,4029,0,5665,215,3630,27907,5699,57599,,,,
1415326623.08167,pg_toast,pg_toast_11605,0,0,0,0,0,0,0,0,0,0,0,0,0,0,,,,
1415326623.08167,pg_catalog,pg_opclass,242,242,108967,1173819,0,0,0,0,0,0,144,418888,539,134956,,,,
1415326623.08167,pg_catalog,pg_proc,0,0,165501,244946,0,0,0,0,0,0,10879,172771,3935,365593,0,0,0,0
1415326623.08167,pg_catalog,pg_trigger,0,0,0,0,0,0,0,0,0,0,0,0,0,0,0,0,0,0
1415326623.08167,information_schema,sql_languages,0,0,,,0,0,0,0,0,0,0,0,,,0,0,0,0
1415326623.08167,pg_catalog,pg_am,19047,19047,0,0,0,0,0,0,0,0,61,18986,0,0,,,,
1415326623.08167,pg_catalog,pg_largeobject_metadata,0,0,0,0,0,0,0,0,0,0,0,0,0,0,,,,
1415326623.08167,pg_catalog,pg_ts_config_map,0,0,0,0,0,0,0,0,0,0,0,0,0,0,,,,
1415326623.08167,pg_catalog,pg_type,0,0,416815,412764,1073,0,1054,0,349,67,1725,415591,2648,838359,,,,
1415326623.08167,information_schema,sql_sizing_profiles,0,0,,,0,0,0,0,0,0,0,0,,,0,0,0,0
1415326623.08167,pg_catalog,pg_shdepend,0,0,2889,564,0,0,0,0,0,0,251,313,991,2972,,,,
1415326623.08167,pg_catalog,pg_conversion,0,0,0,0,0,0,0,0,0,0,0,0,0,0,,,,
1415326623.08167,pg_catalog,pg_foreign_data_wrapper,0,0,0,0,0,0,0,0,0,0,0,0,0,0,,,,
1415326623.08167,pg_catalog,pg_opfamily,0,0,0,0,0,0,0,0,0,0,0,0,0,0,,,,
1415326623.08167,public,part,12,18000000,51,2015336,2000000,0,0,0,2000000,0,132837,450081,5582,144,,,,
1415326623.08167,pg_catalog,pg_shdescription,0,0,0,0,0,0,0,0,0,0,0,0,0,0,0,0,0,0
1415326623.08167,pg_catalog,pg_tablespace,2,4,13265,13265,0,0,0,0,0,0,81,13186,162,26368,,,,
1415326623.08167,pg_catalog,pg_inherits,0,0,531,0,0,0,0,0,0,0,0,0,259,272,,,,
1415326623.08167,pg_toast,pg_toast_2606,0,0,0,0,0,0,0,0,0,0,0,0,0,0,,,,
1415326623.08167,pg_toast,pg_toast_2964,0,0,0,0,0,0,0,0,0,0,0,0,0,0,,,,
1415326623.08167,pg_catalog,pg_database,1542,5955,65952,65950,1,0,0,0,1,0,20,67473,241,104016,,,,
1415326623.08167,pg_toast,pg_toast_2620,0,0,0,0,0,0,0,0,0,0,0,0,0,0,,,,
1415326623.08167,information_schema,sql_sizing,0,0,,,0,0,0,0,0,0,0,0,,,0,0,0,0
1415326623.08167,pg_catalog,pg_amproc,242,484,80108,119133,0,0,0,0,0,0,206,78281,176,178685,,,,
1415326623.08167,pg_catalog,pg_collation,0,0,0,0,0,0,0,0,0,0,0,0,0,0,,,,
1415326623.08167,pg_catalog,pg_constraint,0,0,136,64,72,0,64,0,10,8,40,389,72,708,0,0,0,0
1415326623.08167,pg_catalog,pg_range,0,0,4220,0,0,0,0,0,0,0,0,0,643,7797,,,,
1415326623.08167,pg_toast,pg_toast_11600,0,0,0,0,0,0,0,0,0,0,0,0,0,0,,,,
1415326623.08167,pg_toast,pg_toast_11590,0,0,0,0,0,0,0,0,0,0,0,0,0,0,,,,
1415326623.08167,public,partsupp,4,24000000,48358,9717027,8000000,0,0,0,8000000,0,511569,2831330,37705,134160,,,,
1415326623.08167,information_schema,sql_implementation_info,0,0,,,0,0,0,0,0,0,0,0,,,0,0,0,0
1415326623.08167,pg_catalog,pg_user_mapping,0,0,0,0,0,0,0,0,0,0,0,0,0,0,,,,
1415326623.08167,public,customer,10,10500000,41,300999,1500000,0,0,0,1500000,0,103811,440229,845,112,,,,
1415326623.08167,pg_catalog,pg_largeobject,0,0,0,0,0,0,0,0,0,0,0,0,0,0,,,,
1415326623.08167,pg_catalog,pg_namespace,1218,22484,98697,80556,22,0,0,0,22,0,99,81731,1361,117978,,,,
1415326623.08167,information_schema,sql_parts,0,0,,,0,0,0,0,0,0,0,0,,,0,0,0,0
1415326623.08167,pg_catalog,pg_authid,571,571,36495,36495,0,0,0,0,0,0,66,37000,270,72720,,,,
1415326623.08167,pg_catalog,pg_index,2877,276995,182342,264202,402,0,374,0,138,0,927,247570,369,211532,,,,
1415326623.08167,pg_catalog,pg_ts_dict,0,0,0,0,0,0,0,0,0,0,0,0,0,0,,,,
1415326623.08167,pg_catalog,pg_class,7032,1514254,482417,448890,943,301,905,287,326,76,2221,508413,757,958267,,,,
1415326623.08167,pg_toast,pg_toast_2396,0,0,0,0,0,0,0,0,0,0,0,0,0,0,,,,
1415326623.08167,pg_catalog,pg_enum,0,0,0,0,0,0,0,0,0,0,0,0,0,0,,,,
1415326623.08167,pg_catalog,pg_db_role_setting,0,0,57507,0,0,0,0,0,0,0,0,0,60,57447,0,0,0,0
1415326623.08167,public,region,6376,31855,14,14,5,0,0,0,5,0,3,6384,6,13,,,,
1415326623.08167,pg_catalog,pg_seclabel,0,0,2324,0,0,0,0,0,0,0,0,0,223,2101,0,0,0,0
1415326623.08167,public,nation,13,125,3308061,3308061,25,0,0,0,25,0,3,3308065,6,3308068,,,,
1415326623.08167,pg_toast,pg_toast_2609,0,0,0,0,0,0,0,0,0,0,0,0,0,0,,,,
1415326623.08167,pg_toast,pg_toast_1255,0,0,0,0,0,0,0,0,0,0,0,0,0,0,,,,
1415326623.08167,pg_catalog,pg_rewrite,0,0,5366,4463,301,0,301,0,106,13,2668,4198,1100,8052,1547,2038,540,2570
1415326623.08167,pg_catalog,pg_ts_config,0,0,0,0,0,0,0,0,0,0,0,0,0,0,,,,
1415326623.08167,pg_catalog,pg_extension,0,0,0,0,0,0,0,0,0,0,0,0,0,0,,,,
1415326623.08167,pg_catalog,pg_amop,0,0,161567,234778,0,0,0,0,0,0,306,234472,1000,344128,,,,
1415326623.08167,pg_catalog,pg_cast,0,0,583349,144619,0,0,0,0,0,0,221,144398,132,600863,,,,
1415326623.08167,pg_toast,pg_toast_2619,0,0,73190,244571,2781,0,2530,0,267,6,19245,98235,258,85450,,,,
1415326623.08167,pg_toast,pg_toast_11610,0,0,0,0,0,0,0,0,0,0,0,0,0,0,,,,
1415326623.08167,pg_toast,pg_toast_2604,0,0,0,0,0,0,0,0,0,0,0,0,0,0,,,,
1415326683.08542,pg_catalog,pg_auth_members,0,0,0,0,0,0,0,0,0,0,0,0,0,0,,,,
1415326683.08542,pg_catalog,pg_operator,0,0,139362,696276,0,0,0,0,0,0,1609,490966,1437,304484,,,,
1415326683.08542,pg_catalog,pg_aggregate,0,0,9542,9542,0,0,0,0,0,0,241,9301,627,16048,,,,
1415326683.08542,pg_catalog,pg_pltemplate,0,0,0,0,0,0,0,0,0,0,0,0,0,0,,,,
1415326683.08542,pg_toast,pg_toast_11615,0,0,0,0,0,0,0,0,0,0,0,0,0,0,,,,
1415326683.08542,pg_catalog,pg_description,0,0,2324,0,0,0,0,0,0,0,0,0,705,4474,0,0,0,0
1415326683.08542,pg_catalog,pg_language,0,0,0,0,0,0,0,0,0,0,0,0,0,0,,,,
1415326683.08542,public,supplier,12,600000,3308066,3312026,100000,0,0,0,100000,0,6670,3325542,570,6634053,,,,
1415326683.08542,pg_catalog,pg_ts_parser,0,0,0,0,0,0,0,0,0,0,0,0,0,0,,,,
1415326683.08542,pg_catalog,pg_shseclabel,0,0,0,0,0,0,0,0,0,0,0,0,0,0,,,,
1415326683.08542,public,lineitem,22,840102813,805349,14235165,60045669,0,0,0,60045938,0,14599995,9210667,339234,4341602,,,,
1415326683.08542,pg_catalog,pg_foreign_table,0,0,0,0,0,0,0,0,0,0,0,0,0,0,,,,
1415326683.08542,pg_toast,pg_toast_11620,0,0,0,0,0,0,0,0,0,0,0,0,0,0,,,,
1415326683.08542,pg_catalog,pg_attrdef,0,0,0,0,0,0,0,0,0,0,0,0,0,0,0,0,0,0
1415326683.08542,pg_catalog,pg_ts_template,0,0,0,0,0,0,0,0,0,0,0,0,0,0,,,,
1415326683.08542,pg_catalog,pg_foreign_server,0,0,0,0,0,0,0,0,0,0,0,0,0,0,,,,
1415326683.08542,pg_catalog,pg_default_acl,0,0,2164,0,0,0,0,0,0,0,0,0,223,1941,,,,
1415326683.08542,pg_toast,pg_toast_11595,0,0,0,0,0,0,0,0,0,0,0,0,0,0,,,,
1415326683.08542,public,time_statistics,11,86,,,14,11,0,11,14,11,2,34,,,,,,
1415326683.08542,information_schema,sql_packages,0,0,,,0,0,0,0,0,0,0,0,,,0,0,0,0
1415326683.08542,pg_catalog,pg_attribute,1331,8833,376090,831778,3404,90,3226,76,2425,347,7547,403438,2080,784494,,,,
1415326683.08542,pg_catalog,pg_statistic,0,0,102417,98049,741,2169,678,1774,498,82,7046,97121,781,219921,19248,98250,258,85468
1415326683.08542,public,orders,11,75015000,4708989,9270949,15015000,0,0,0,15015000,0,1085431,6194748,97581,14203265,,,,
1415326683.08542,pg_toast,pg_toast_2618,0,0,2060,6682,0,0,0,0,0,0,1550,2042,540,2576,,,,
1415326683.08542,pg_toast,pg_toast_3596,0,0,0,0,0,0,0,0,0,0,0,0,0,0,,,,
1415326683.08542,information_schema,sql_features,0,0,,,0,0,0,0,0,0,0,0,,,0,0,0,0
1415326683.08542,pg_catalog,pg_depend,0,0,22204,23852,4119,0,4029,0,5665,215,3630,27907,5699,57599,,,,
1415326683.08542,pg_toast,pg_toast_11605,0,0,0,0,0,0,0,0,0,0,0,0,0,0,,,,
1415326683.08542,pg_catalog,pg_opclass,242,242,108999,1174159,0,0,0,0,0,0,144,419005,539,135001,,,,
1415326683.08542,pg_catalog,pg_proc,0,0,165601,245089,0,0,0,0,0,0,10882,172886,3935,365817,0,0,0,0
1415326683.08542,pg_catalog,pg_trigger,0,0,0,0,0,0,0,0,0,0,0,0,0,0,0,0,0,0
1415326683.08542,information_schema,sql_languages,0,0,,,0,0,0,0,0,0,0,0,,,0,0,0,0
1415326683.08542,pg_catalog,pg_am,19056,19056,0,0,0,0,0,0,0,0,61,18995,0,0,,,,
1415326683.08542,pg_catalog,pg_largeobject_metadata,0,0,0,0,0,0,0,0,0,0,0,0,0,0,,,,
1415326683.08542,pg_catalog,pg_ts_config_map,0,0,0,0,0,0,0,0,0,0,0,0,0,0,,,,
1415326683.08542,pg_catalog,pg_type,0,0,416975,412924,1073,0,1054,0,349,67,1725,415751,2648,838688,,,,
1415326683.08542,information_schema,sql_sizing_profiles,0,0,,,0,0,0,0,0,0,0,0,,,0,0,0,0
1415326683.08542,pg_catalog,pg_shdepend,0,0,2889,564,0,0,0,0,0,0,251,313,991,2972,,,,
1415326683.08542,pg_catalog,pg_conversion,0,0,0,0,0,0,0,0,0,0,0,0,0,0,,,,
1415326683.08542,pg_catalog,pg_foreign_data_wrapper,0,0,0,0,0,0,0,0,0,0,0,0,0,0,,,,
1415326683.08542,pg_catalog,pg_opfamily,0,0,0,0,0,0,0,0,0,0,0,0,0,0,,,,
1415326683.08542,public,part,12,18000000,51,2015336,2000000,0,0,0,2000000,0,132837,450081,5582,144,,,,
1415326683.08542,pg_catalog,pg_shdescription,0,0,0,0,0,0,0,0,0,0,0,0,0,0,0,0,0,0
1415326683.08542,pg_catalog,pg_tablespace,2,4,13273,13273,0,0,0,0,0,0,81,13194,162,26384,,,,
1415326683.08542,pg_catalog,pg_inherits,0,0,531,0,0,0,0,0,0,0,0,0,259,272,,,,
1415326683.08542,pg_toast,pg_toast_2606,0,0,0,0,0,0,0,0,0,0,0,0,0,0,,,,
1415326683.08542,pg_toast,pg_toast_2964,0,0,0,0,0,0,0,0,0,0,0,0,0,0,,,,
1415326683.08542,pg_catalog,pg_database,1545,5967,65995,65993,1,0,0,0,1,0,20,67519,241,104079,,,,
1415326683.08542,pg_toast,pg_toast_2620,0,0,0,0,0,0,0,0,0,0,0,0,0,0,,,,
1415326683.08542,information_schema,sql_sizing,0,0,,,0,0,0,0,0,0,0,0,,,0,0,0,0
1415326683.08542,pg_catalog,pg_amproc,242,484,80138,119177,0,0,0,0,0,0,206,78310,176,178754,,,,
1415326683.08542,pg_catalog,pg_collation,0,0,0,0,0,0,0,0,0,0,0,0,0,0,,,,
1415326683.08542,pg_catalog,pg_constraint,0,0,136,64,72,0,64,0,10,8,40,389,72,708,0,0,0,0
1415326683.08542,pg_catalog,pg_range,0,0,4221,0,0,0,0,0,0,0,0,0,643,7799,,,,
1415326683.08542,pg_toast,pg_toast_11600,0,0,0,0,0,0,0,0,0,0,0,0,0,0,,,,
1415326683.08542,pg_toast,pg_toast_11590,0,0,0,0,0,0,0,0,0,0,0,0,0,0,,,,
1415326683.08542,public,partsupp,4,24000000,48358,9717027,8000000,0,0,0,8000000,0,511569,2831330,37705,134160,,,,
1415326683.08542,information_schema,sql_implementation_info,0,0,,,0,0,0,0,0,0,0,0,,,0,0,0,0
1415326683.08542,pg_catalog,pg_user_mapping,0,0,0,0,0,0,0,0,0,0,0,0,0,0,,,,
1415326683.08542,public,customer,10,10500000,41,300999,1500000,0,0,0,1500000,0,103811,440229,845,112,,,,
1415326683.08542,pg_catalog,pg_largeobject,0,0,0,0,0,0,0,0,0,0,0,0,0,0,,,,
1415326683.08542,pg_catalog,pg_namespace,1220,22540,98861,80711,22,0,0,0,22,0,99,81888,1361,118152,,,,
1415326683.08542,information_schema,sql_parts,0,0,,,0,0,0,0,0,0,0,0,,,0,0,0,0
1415326683.08542,pg_catalog,pg_authid,573,573,36511,36511,0,0,0,0,0,0,66,37018,270,72752,,,,
1415326683.08542,pg_catalog,pg_index,2881,277547,182403,264286,402,0,374,0,138,0,927,247666,369,211609,,,,
1415326683.08542,pg_catalog,pg_ts_dict,0,0,0,0,0,0,0,0,0,0,0,0,0,0,,,,
1415326683.08542,pg_catalog,pg_class,7043,1517271,482809,449276,943,301,905,287,326,76,2222,508898,757,959070,,,,
1415326683.08542,pg_toast,pg_toast_2396,0,0,0,0,0,0,0,0,0,0,0,0,0,0,,,,
1415326683.08542,pg_catalog,pg_enum,0,0,0,0,0,0,0,0,0,0,0,0,0,0,,,,
1415326683.08542,pg_catalog,pg_db_role_setting,0,0,57537,0,0,0,0,0,0,0,0,0,60,57477,0,0,0,0
1415326683.08542,public,region,6376,31855,14,14,5,0,0,0,5,0,3,6384,6,13,,,,
1415326683.08542,pg_catalog,pg_seclabel,0,0,2324,0,0,0,0,0,0,0,0,0,223,2101,0,0,0,0
1415326683.08542,public,nation,14,150,3308063,3308063,25,0,0,0,25,0,3,3308068,6,3308071,,,,
1415326683.08542,pg_toast,pg_toast_2609,0,0,0,0,0,0,0,0,0,0,0,0,0,0,,,,
1415326683.08542,pg_toast,pg_toast_1255,0,0,0,0,0,0,0,0,0,0,0,0,0,0,,,,
1415326683.08542,pg_catalog,pg_rewrite,0,0,5374,4471,301,0,301,0,106,13,2670,4204,1100,8066,1550,2042,540,2576
1415326683.08542,pg_catalog,pg_ts_config,0,0,0,0,0,0,0,0,0,0,0,0,0,0,,,,
1415326683.08542,pg_catalog,pg_extension,0,0,0,0,0,0,0,0,0,0,0,0,0,0,,,,
1415326683.08542,pg_catalog,pg_amop,0,0,161628,234858,0,0,0,0,0,0,306,234552,1000,344263,,,,
1415326683.08542,pg_catalog,pg_cast,0,0,583492,144665,0,0,0,0,0,0,221,144444,132,601015,,,,
1415326683.08542,pg_toast,pg_toast_2619,0,0,73204,244610,2781,0,2530,0,267,6,19248,98250,258,85468,,,,
1415326683.08542,pg_toast,pg_toast_11610,0,0,0,0,0,0,0,0,0,0,0,0,0,0,,,,
1415326683.08542,pg_toast,pg_toast_2604,0,0,0,0,0,0,0,0,0,0,0,0,0,0,,,,
1415326743.0949,pg_catalog,pg_auth_members,0,0,0,0,0,0,0,0,0,0,0,0,0,0,,,,
1415326743.0949,pg_catalog,pg_operator,0,0,139391,696365,0,0,0,0,0,0,1609,491031,1437,304552,,,,
1415326743.0949,pg_catalog,pg_aggregate,0,0,9545,9545,0,0,0,0,0,0,241,9304,627,16053,,,,
1415326743.0949,pg_catalog,pg_pltemplate,0,0,0,0,0,0,0,0,0,0,0,0,0,0,,,,
1415326743.0949,pg_toast,pg_toast_11615,0,0,0,0,0,0,0,0,0,0,0,0,0,0,,,,
1415326743.0949,pg_catalog,pg_description,0,0,2324,0,0,0,0,0,0,0,0,0,705,4474,0,0,0,0
1415326743.0949,pg_catalog,pg_language,0,0,0,0,0,0,0,0,0,0,0,0,0,0,,,,
1415326743.0949,public,supplier,12,600000,3308066,3312026,100000,0,0,0,100000,0,6670,3325542,570,6634053,,,,
1415326743.0949,pg_catalog,pg_ts_parser,0,0,0,0,0,0,0,0,0,0,0,0,0,0,,,,
1415326743.0949,pg_catalog,pg_shseclabel,0,0,0,0,0,0,0,0,0,0,0,0,0,0,,,,
1415326743.0949,public,lineitem,22,840102813,805349,14235165,60045669,0,0,0,60045938,0,14599995,9210667,339234,4341602,,,,
1415326743.0949,pg_catalog,pg_foreign_table,0,0,0,0,0,0,0,0,0,0,0,0,0,0,,,,
1415326743.0949,pg_toast,pg_toast_11620,0,0,0,0,0,0,0,0,0,0,0,0,0,0,,,,
1415326743.0949,pg_catalog,pg_attrdef,0,0,0,0,0,0,0,0,0,0,0,0,0,0,0,0,0,0
1415326743.0949,pg_catalog,pg_ts_template,0,0,0,0,0,0,0,0,0,0,0,0,0,0,,,,
1415326743.0949,pg_catalog,pg_foreign_server,0,0,0,0,0,0,0,0,0,0,0,0,0,0,,,,
1415326743.0949,pg_catalog,pg_default_acl,0,0,2164,0,0,0,0,0,0,0,0,0,223,1941,,,,
1415326743.0949,pg_toast,pg_toast_11595,0,0,0,0,0,0,0,0,0,0,0,0,0,0,,,,
1415326743.0949,public,time_statistics,12,100,,,15,12,0,12,15,12,2,37,,,,,,
1415326743.0949,information_schema,sql_packages,0,0,,,0,0,0,0,0,0,0,0,,,0,0,0,0
1415326743.0949,pg_catalog,pg_attribute,1331,8833,376297,832127,3404,90,3226,76,2425,347,7547,403646,2080,784917,,,,
1415326743.0949,pg_catalog,pg_statistic,0,0,102449,98072,741,2169,678,1774,498,82,7047,97143,781,219991,19254,98256,258,85479
1415326743.0949,public,orders,12,90030000,4708989,9270949,15015000,0,0,0,15015000,0,1086674,6447027,97581,14203265,,,,
1415326743.0949,pg_toast,pg_toast_2618,0,0,2064,6695,0,0,0,0,0,0,1550,2049,540,2582,,,,
1415326743.0949,pg_toast,pg_toast_3596,0,0,0,0,0,0,0,0,0,0,0,0,0,0,,,,
1415326743.0949,information_schema,sql_features,0,0,,,0,0,0,0,0,0,0,0,,,0,0,0,0
1415326743.0949,pg_catalog,pg_depend,0,0,22204,23852,4119,0,4029,0,5665,215,3630,27907,5699,57599,,,,
1415326743.0949,pg_toast,pg_toast_11605,0,0,0,0,0,0,0,0,0,0,0,0,0,0,,,,
1415326743.0949,pg_catalog,pg_opclass,242,242,109027,1174419,0,0,0,0,0,0,144,419095,539,135041,,,,
1415326743.0949,pg_catalog,pg_proc,0,0,165690,245207,0,0,0,0,0,0,10885,172984,3935,366013,0,0,0,0
1415326743.0949,pg_catalog,pg_trigger,0,0,0,0,0,0,0,0,0,0,0,0,0,0,0,0,0,0
1415326743.0949,information_schema,sql_languages,0,0,,,0,0,0,0,0,0,0,0,,,0,0,0,0
1415326743.0949,pg_catalog,pg_am,19065,19065,0,0,0,0,0,0,0,0,61,19004,0,0,,,,
1415326743.0949,pg_catalog,pg_largeobject_metadata,0,0,0,0,0,0,0,0,0,0,0,0,0,0,,,,
1415326743.0949,pg_catalog,pg_ts_config_map,0,0,0,0,0,0,0,0,0,0,0,0,0,0,,,,
1415326743.0949,pg_catalog,pg_type,0,0,417106,413053,1073,0,1054,0,349,67,1725,415880,2652,838956,,,,
1415326743.0949,information_schema,sql_sizing_profiles,0,0,,,0,0,0,0,0,0,0,0,,,0,0,0,0
1415326743.0949,pg_catalog,pg_shdepend,0,0,2889,564,0,0,0,0,0,0,251,313,991,2972,,,,
1415326743.0949,pg_catalog,pg_conversion,0,0,0,0,0,0,0,0,0,0,0,0,0,0,,,,
1415326743.0949,pg_catalog,pg_foreign_data_wrapper,0,0,0,0,0,0,0,0,0,0,0,0,0,0,,,,
1415326743.0949,pg_catalog,pg_opfamily,0,0,0,0,0,0,0,0,0,0,0,0,0,0,,,,
1415326743.0949,public,part,12,18000000,51,2015336,2000000,0,0,0,2000000,0,132837,450081,5582,144,,,,
1415326743.0949,pg_catalog,pg_shdescription,0,0,0,0,0,0,0,0,0,0,0,0,0,0,0,0,0,0
1415326743.0949,pg_catalog,pg_tablespace,2,4,13279,13279,0,0,0,0,0,0,81,13200,162,26396,,,,
1415326743.0949,pg_catalog,pg_inherits,0,0,531,0,0,0,0,0,0,0,0,0,259,272,,,,
1415326743.0949,pg_toast,pg_toast_2606,0,0,0,0,0,0,0,0,0,0,0,0,0,0,,,,
1415326743.0949,pg_toast,pg_toast_2964,0,0,0,0,0,0,0,0,0,0,0,0,0,0,,,,
1415326743.0949,pg_catalog,pg_database,1548,5979,66030,66028,1,0,0,0,1,0,20,67557,241,104134,,,,
1415326743.0949,pg_toast,pg_toast_2620,0,0,0,0,0,0,0,0,0,0,0,0,0,0,,,,
1415326743.0949,information_schema,sql_sizing,0,0,,,0,0,0,0,0,0,0,0,,,0,0,0,0
1415326743.0949,pg_catalog,pg_amproc,242,484,80161,119214,0,0,0,0,0,0,206,78333,176,178809,,,,
1415326743.0949,pg_catalog,pg_collation,0,0,0,0,0,0,0,0,0,0,0,0,0,0,,,,
1415326743.0949,pg_catalog,pg_constraint,0,0,136,64,72,0,64,0,10,8,40,389,72,708,0,0,0,0
1415326743.0949,pg_catalog,pg_range,0,0,4222,0,0,0,0,0,0,0,0,0,643,7801,,,,
1415326743.0949,pg_toast,pg_toast_11600,0,0,0,0,0,0,0,0,0,0,0,0,0,0,,,,
1415326743.0949,pg_toast,pg_toast_11590,0,0,0,0,0,0,0,0,0,0,0,0,0,0,,,,
1415326743.0949,public,partsupp,4,24000000,48358,9717027,8000000,0,0,0,8000000,0,511569,2831330,37705,134160,,,,
1415326743.0949,information_schema,sql_implementation_info,0,0,,,0,0,0,0,0,0,0,0,,,0,0,0,0
1415326743.0949,pg_catalog,pg_user_mapping,0,0,0,0,0,0,0,0,0,0,0,0,0,0,,,,
1415326743.0949,public,customer,11,12000000,43,301001,1500000,0,0,0,1500000,0,111293,468027,850,114,,,,
1415326743.0949,pg_catalog,pg_largeobject,0,0,0,0,0,0,0,0,0,0,0,0,0,0,,,,
1415326743.0949,pg_catalog,pg_namespace,1222,22596,99019,80862,22,0,0,0,22,0,99,82041,1361,118318,,,,
1415326743.0949,information_schema,sql_parts,0,0,,,0,0,0,0,0,0,0,0,,,0,0,0,0
1415326743.0949,pg_catalog,pg_authid,574,574,36527,36527,0,0,0,0,0,0,66,37035,270,72784,,,,
1415326743.0949,pg_catalog,pg_index,2885,278099,182449,264347,402,0,374,0,138,0,927,247742,369,211669,,,,
1415326743.0949,pg_catalog,pg_ts_dict,0,0,0,0,0,0,0,0,0,0,0,0,0,0,,,,
1415326743.0949,pg_catalog,pg_class,7053,1519962,483169,449632,943,301,905,287,326,76,2222,509345,757,959807,,,,
1415326743.0949,pg_toast,pg_toast_2396,0,0,0,0,0,0,0,0,0,0,0,0,0,0,,,,
1415326743.0949,pg_catalog,pg_enum,0,0,0,0,0,0,0,0,0,0,0,0,0,0,,,,
1415326743.0949,pg_catalog,pg_db_role_setting,0,0,57567,0,0,0,0,0,0,0,0,0,60,57507,0,0,0,0
1415326743.0949,public,region,6376,31855,14,14,5,0,0,0,5,0,3,6384,6,13,,,,
1415326743.0949,pg_catalog,pg_seclabel,0,0,2324,0,0,0,0,0,0,0,0,0,223,2101,0,0,0,0
1415326743.0949,public,nation,14,150,3308063,3308063,25,0,0,0,25,0,3,3308068,6,3308071,,,,
1415326743.0949,pg_toast,pg_toast_2609,0,0,0,0,0,0,0,0,0,0,0,0,0,0,,,,
1415326743.0949,pg_toast,pg_toast_1255,0,0,0,0,0,0,0,0,0,0,0,0,0,0,,,,
1415326743.0949,pg_catalog,pg_rewrite,0,0,5380,4477,301,0,301,0,106,13,2670,4210,1100,8076,1550,2049,540,2582
1415326743.0949,pg_catalog,pg_ts_config,0,0,0,0,0,0,0,0,0,0,0,0,0,0,,,,
1415326743.0949,pg_catalog,pg_extension,0,0,0,0,0,0,0,0,0,0,0,0,0,0,,,,
1415326743.0949,pg_catalog,pg_amop,0,0,161672,234922,0,0,0,0,0,0,306,234616,1000,344360,,,,
1415326743.0949,pg_catalog,pg_cast,0,0,583614,144709,0,0,0,0,0,0,221,144488,132,601144,,,,
1415326743.0949,pg_toast,pg_toast_2619,0,0,73212,244639,2781,0,2530,0,267,6,19254,98256,258,85479,,,,
1415326743.0949,pg_toast,pg_toast_11610,0,0,0,0,0,0,0,0,0,0,0,0,0,0,,,,
1415326743.0949,pg_toast,pg_toast_2604,0,0,0,0,0,0,0,0,0,0,0,0,0,0,,,,
1415326803.09389,pg_catalog,pg_auth_members,0,0,0,0,0,0,0,0,0,0,0,0,0,0,,,,
1415326803.09389,pg_catalog,pg_operator,0,0,139460,696704,0,0,0,0,0,0,1610,491267,1438,304709,,,,
1415326803.09389,pg_catalog,pg_aggregate,0,0,9551,9551,0,0,0,0,0,0,241,9310,627,16063,,,,
1415326803.09389,pg_catalog,pg_pltemplate,0,0,0,0,0,0,0,0,0,0,0,0,0,0,,,,
1415326803.09389,pg_toast,pg_toast_11615,0,0,0,0,0,0,0,0,0,0,0,0,0,0,,,,
1415326803.09389,pg_catalog,pg_description,0,0,2324,0,0,0,0,0,0,0,0,0,705,4474,0,0,0,0
1415326803.09389,pg_catalog,pg_language,0,0,0,0,0,0,0,0,0,0,0,0,0,0,,,,
1415326803.09389,public,supplier,12,600000,3308067,3312082,100000,0,0,0,100000,0,6670,3325597,572,6634053,,,,
1415326803.09389,pg_catalog,pg_ts_parser,0,0,0,0,0,0,0,0,0,0,0,0,0,0,,,,
1415326803.09389,pg_catalog,pg_shseclabel,0,0,0,0,0,0,0,0,0,0,0,0,0,0,,,,
1415326803.09389,public,lineitem,23,900148482,805351,14235167,60045669,0,0,0,60045938,0,15116375,9760764,339235,4341610,,,,
1415326803.09389,pg_catalog,pg_foreign_table,0,0,0,0,0,0,0,0,0,0,0,0,0,0,,,,
1415326803.09389,pg_toast,pg_toast_11620,0,0,0,0,0,0,0,0,0,0,0,0,0,0,,,,
1415326803.09389,pg_catalog,pg_attrdef,0,0,0,0,0,0,0,0,0,0,0,0,0,0,0,0,0,0
1415326803.09389,pg_catalog,pg_ts_template,0,0,0,0,0,0,0,0,0,0,0,0,0,0,,,,
1415326803.09389,pg_catalog,pg_foreign_server,0,0,0,0,0,0,0,0,0,0,0,0,0,0,,,,
1415326803.09389,pg_catalog,pg_default_acl,0,0,2164,0,0,0,0,0,0,0,0,0,223,1941,,,,
1415326803.09389,pg_toast,pg_toast_11595,0,0,0,0,0,0,0,0,0,0,0,0,0,0,,,,
1415326803.09389,public,time_statistics,15,148,,,18,15,0,15,18,15,2,46,,,,,,
1415326803.09389,information_schema,sql_packages,0,0,,,0,0,0,0,0,0,0,0,,,0,0,0,0
1415326803.09389,pg_catalog,pg_attribute,1331,8833,376572,832642,3404,90,3226,76,2425,347,7547,403922,2080,785482,,,,
1415326803.09389,pg_catalog,pg_statistic,0,0,102505,98115,741,2169,678,1774,498,82,7050,97183,781,220113,19270,98278,258,85511
1415326803.09389,public,orders,14,120060000,4708991,9270951,15015000,0,0,0,15015000,0,1086674,6954073,97582,14203271,,,,
1415326803.09389,pg_toast,pg_toast_2618,0,0,2068,6708,0,0,0,0,0,0,1550,2056,540,2588,,,,
1415326803.09389,pg_toast,pg_toast_3596,0,0,0,0,0,0,0,0,0,0,0,0,0,0,,,,
1415326803.09389,information_schema,sql_features,0,0,,,0,0,0,0,0,0,0,0,,,0,0,0,0
1415326803.09389,pg_catalog,pg_depend,0,0,22204,23852,4119,0,4029,0,5665,215,3630,27907,5699,57599,,,,
1415326803.09389,pg_toast,pg_toast_11605,0,0,0,0,0,0,0,0,0,0,0,0,0,0,,,,
1415326803.09389,pg_catalog,pg_opclass,242,242,109098,1175254,0,0,0,0,0,0,144,419389,539,135133,,,,
1415326803.09389,pg_catalog,pg_proc,0,0,165823,245393,0,0,0,0,0,0,10887,173132,3937,366307,0,0,0,0
1415326803.09389,pg_catalog,pg_trigger,0,0,0,0,0,0,0,0,0,0,0,0,0,0,0,0,0,0
1415326803.09389,information_schema,sql_languages,0,0,,,0,0,0,0,0,0,0,0,,,0,0,0,0
1415326803.09389,pg_catalog,pg_am,19080,19080,0,0,0,0,0,0,0,0,61,19019,0,0,,,,
1415326803.09389,pg_catalog,pg_largeobject_metadata,0,0,0,0,0,0,0,0,0,0,0,0,0,0,,,,
1415326803.09389,pg_catalog,pg_ts_config_map,0,0,0,0,0,0,0,0,0,0,0,0,0,0,,,,
1415326803.09389,pg_catalog,pg_type,0,0,417401,413346,1073,0,1054,0,349,67,1725,416173,2652,839563,,,,
1415326803.09389,information_schema,sql_sizing_profiles,0,0,,,0,0,0,0,0,0,0,0,,,0,0,0,0
1415326803.09389,pg_catalog,pg_shdepend,0,0,2889,564,0,0,0,0,0,0,251,313,991,2972,,,,
1415326803.09389,pg_catalog,pg_conversion,0,0,0,0,0,0,0,0,0,0,0,0,0,0,,,,
1415326803.09389,pg_catalog,pg_foreign_data_wrapper,0,0,0,0,0,0,0,0,0,0,0,0,0,0,,,,
1415326803.09389,pg_catalog,pg_opfamily,0,0,0,0,0,0,0,0,0,0,0,0,0,0,,,,
1415326803.09389,public,part,12,18000000,61,2334797,2000000,0,0,0,2000000,0,173351,450084,6473,156,,,,
1415326803.09389,pg_catalog,pg_shdescription,0,0,0,0,0,0,0,0,0,0,0,0,0,0,0,0,0,0
1415326803.09389,pg_catalog,pg_tablespace,2,4,13289,13289,0,0,0,0,0,0,81,13210,162,26416,,,,
1415326803.09389,pg_catalog,pg_inherits,0,0,531,0,0,0,0,0,0,0,0,0,259,272,,,,
1415326803.09389,pg_toast,pg_toast_2606,0,0,0,0,0,0,0,0,0,0,0,0,0,0,,,,
1415326803.09389,pg_toast,pg_toast_2964,0,0,0,0,0,0,0,0,0,0,0,0,0,0,,,,
1415326803.09389,pg_catalog,pg_database,1551,5991,66080,66078,1,0,0,0,1,0,20,67610,241,104216,,,,
1415326803.09389,pg_toast,pg_toast_2620,0,0,0,0,0,0,0,0,0,0,0,0,0,0,,,,
1415326803.09389,information_schema,sql_sizing,0,0,,,0,0,0,0,0,0,0,0,,,0,0,0,0
1415326803.09389,pg_catalog,pg_amproc,242,484,80219,119294,0,0,0,0,0,0,206,78388,176,178940,,,,
1415326803.09389,pg_catalog,pg_collation,0,0,0,0,0,0,0,0,0,0,0,0,0,0,,,,
1415326803.09389,pg_catalog,pg_constraint,0,0,136,64,72,0,64,0,10,8,40,389,72,708,0,0,0,0
1415326803.09389,pg_catalog,pg_range,0,0,4225,0,0,0,0,0,0,0,0,0,643,7807,,,,
1415326803.09389,pg_toast,pg_toast_11600,0,0,0,0,0,0,0,0,0,0,0,0,0,0,,,,
1415326803.09389,pg_toast,pg_toast_11590,0,0,0,0,0,0,0,0,0,0,0,0,0,0,,,,
1415326803.09389,public,partsupp,5,32000000,48360,9717029,8000000,0,0,0,8000000,0,682527,2831332,37711,134161,,,,
1415326803.09389,information_schema,sql_implementation_info,0,0,,,0,0,0,0,0,0,0,0,,,0,0,0,0
1415326803.09389,pg_catalog,pg_user_mapping,0,0,0,0,0,0,0,0,0,0,0,0,0,0,,,,
1415326803.09389,public,customer,11,12000000,64,1174964,1500000,0,0,0,1500000,0,111293,573759,3598,152,,,,
1415326803.09389,pg_catalog,pg_largeobject,0,0,0,0,0,0,0,0,0,0,0,0,0,0,,,,
1415326803.09389,pg_catalog,pg_namespace,1224,22652,99194,81024,22,0,0,0,22,0,99,82205,1361,118508,,,,
1415326803.09389,information_schema,sql_parts,0,0,,,0,0,0,0,0,0,0,0,,,0,0,0,0
1415326803.09389,pg_catalog,pg_authid,574,574,36555,36555,0,0,0,0,0,0,66,37063,270,72840,,,,
1415326803.09389,pg_catalog,pg_index,2889,278651,182537,264469,402,0,374,0,138,0,927,247879,369,211779,,,,
1415326803.09389,pg_catalog,pg_ts_dict,0,0,0,0,0,0,0,0,0,0,0,0,0,0,,,,
1415326803.09389,pg_catalog,pg_class,7064,1522979,483620,450069,943,301,905,287,326,76,2222,509882,757,960738,,,,
1415326803.09389,pg_toast,pg_toast_2396,0,0,0,0,0,0,0,0,0,0,0,0,0,0,,,,
1415326803.09389,pg_catalog,pg_enum,0,0,0,0,0,0,0,0,0,0,0,0,0,0,,,,
1415326803.09389,pg_catalog,pg_db_role_setting,0,0,57615,0,0,0,0,0,0,0,0,0,60,57555,0,0,0,0
1415326803.09389,public,region,6376,31855,14,14,5,0,0,0,5,0,3,6384,6,13,,,,
1415326803.09389,pg_catalog,pg_seclabel,0,0,2324,0,0,0,0,0,0,0,0,0,223,2101,0,0,0,0
1415326803.09389,public,nation,14,150,3308063,3308063,25,0,0,0,25,0,3,3308068,6,3308071,,,,
1415326803.09389,pg_toast,pg_toast_2609,0,0,0,0,0,0,0,0,0,0,0,0,0,0,,,,
1415326803.09389,pg_toast,pg_toast_1255,0,0,0,0,0,0,0,0,0,0,0,0,0,0,,,,
1415326803.09389,pg_catalog,pg_rewrite,0,0,5386,4483,301,0,301,0,106,13,2670,4216,1100,8086,1550,2056,540,2588
1415326803.09389,pg_catalog,pg_ts_config,0,0,0,0,0,0,0,0,0,0,0,0,0,0,,,,
1415326803.09389,pg_catalog,pg_extension,0,0,0,0,0,0,0,0,0,0,0,0,0,0,,,,
1415326803.09389,pg_catalog,pg_amop,0,0,161774,235071,0,0,0,0,0,0,306,234765,1000,344579,,,,
1415326803.09389,pg_catalog,pg_cast,0,0,584011,144796,0,0,0,0,0,0,221,144575,132,601554,,,,
1415326803.09389,pg_toast,pg_toast_2619,0,0,73238,244725,2781,0,2530,0,267,6,19270,98278,258,85511,,,,
1415326803.09389,pg_toast,pg_toast_11610,0,0,0,0,0,0,0,0,0,0,0,0,0,0,,,,
1415326803.09389,pg_toast,pg_toast_2604,0,0,0,0,0,0,0,0,0,0,0,0,0,0,,,,
1415326863.10023,pg_catalog,pg_auth_members,0,0,0,0,0,0,0,0,0,0,0,0,0,0,,,,
1415326863.10023,pg_catalog,pg_operator,0,0,139480,696724,0,0,0,0,0,0,1610,491287,1438,304760,,,,
1415326863.10023,pg_catalog,pg_aggregate,0,0,9552,9552,0,0,0,0,0,0,241,9311,627,16065,,,,
1415326863.10023,pg_catalog,pg_pltemplate,0,0,0,0,0,0,0,0,0,0,0,0,0,0,,,,
1415326863.10023,pg_toast,pg_toast_11615,0,0,0,0,0,0,0,0,0,0,0,0,0,0,,,,
1415326863.10023,pg_catalog,pg_description,0,0,2324,0,0,0,0,0,0,0,0,0,705,4474,0,0,0,0
1415326863.10023,pg_catalog,pg_language,0,0,0,0,0,0,0,0,0,0,0,0,0,0,,,,
1415326863.10023,public,supplier,12,600000,3308067,3312082,100000,0,0,0,100000,0,6670,3325597,572,6634053,,,,
1415326863.10023,pg_catalog,pg_ts_parser,0,0,0,0,0,0,0,0,0,0,0,0,0,0,,,,
1415326863.10023,pg_catalog,pg_shseclabel,0,0,0,0,0,0,0,0,0,0,0,0,0,0,,,,
1415326863.10023,public,lineitem,23,900148482,805351,14235167,60045669,0,0,0,60045938,0,15116375,9760764,339235,4341610,,,,
1415326863.10023,pg_catalog,pg_foreign_table,0,0,0,0,0,0,0,0,0,0,0,0,0,0,,,,
1415326863.10023,pg_toast,pg_toast_11620,0,0,0,0,0,0,0,0,0,0,0,0,0,0,,,,
1415326863.10023,pg_catalog,pg_attrdef,0,0,0,0,0,0,0,0,0,0,0,0,0,0,0,0,0,0
1415326863.10023,pg_catalog,pg_ts_template,0,0,0,0,0,0,0,0,0,0,0,0,0,0,,,,
1415326863.10023,pg_catalog,pg_foreign_server,0,0,0,0,0,0,0,0,0,0,0,0,0,0,,,,
1415326863.10023,pg_catalog,pg_default_acl,0,0,2164,0,0,0,0,0,0,0,0,0,223,1941,,,,
1415326863.10023,pg_toast,pg_toast_11595,0,0,0,0,0,0,0,0,0,0,0,0,0,0,,,,
1415326863.10023,public,time_statistics,15,148,,,18,15,0,15,18,15,2,46,,,,,,
1415326863.10023,information_schema,sql_packages,0,0,,,0,0,0,0,0,0,0,0,,,0,0,0,0
1415326863.10023,pg_catalog,pg_attribute,1331,8833,376789,833014,3404,90,3226,76,2425,347,7547,404140,2080,785922,,,,
1415326863.10023,pg_catalog,pg_statistic,0,0,102536,98138,741,2169,678,1774,498,82,7050,97206,781,220182,19270,98282,258,85519
1415326863.10023,public,orders,14,120060000,4708991,9270951,15015000,0,0,0,15015000,0,1086674,6954073,97582,14203271,,,,
1415326863.10023,pg_toast,pg_toast_2618,0,0,2072,6721,0,0,0,0,0,0,1550,2063,540,2594,,,,
1415326863.10023,pg_toast,pg_toast_3596,0,0,0,0,0,0,0,0,0,0,0,0,0,0,,,,
1415326863.10023,information_schema,sql_features,0,0,,,0,0,0,0,0,0,0,0,,,0,0,0,0
1415326863.10023,pg_catalog,pg_depend,0,0,22204,23852,4119,0,4029,0,5665,215,3630,27907,5699,57599,,,,
1415326863.10023,pg_toast,pg_toast_11605,0,0,0,0,0,0,0,0,0,0,0,0,0,0,,,,
1415326863.10023,pg_catalog,pg_opclass,242,242,109120,1175508,0,0,0,0,0,0,144,419473,539,135165,,,,
1415326863.10023,pg_catalog,pg_proc,0,0,165911,245530,0,0,0,0,0,0,10888,173240,3937,366504,0,0,0,0
1415326863.10023,pg_catalog,pg_trigger,0,0,0,0,0,0,0,0,0,0,0,0,0,0,0,0,0,0
1415326863.10023,information_schema,sql_languages,0,0,,,0,0,0,0,0,0,0,0,,,0,0,0,0
1415326863.10023,pg_catalog,pg_am,19086,19086,0,0,0,0,0,0,0,0,61,19025,0,0,,,,
1415326863.10023,pg_catalog,pg_largeobject_metadata,0,0,0,0,0,0,0,0,0,0,0,0,0,0,,,,
1415326863.10023,pg_catalog,pg_ts_config_map,0,0,0,0,0,0,0,0,0,0,0,0,0,0,,,,
1415326863.10023,pg_catalog,pg_type,0,0,417526,413471,1073,0,1054,0,349,67,1725,416298,2652,839820,,,,
1415326863.10023,information_schema,sql_sizing_profiles,0,0,,,0,0,0,0,0,0,0,0,,,0,0,0,0
1415326863.10023,pg_catalog,pg_shdepend,0,0,2889,564,0,0,0,0,0,0,251,313,991,2972,,,,
1415326863.10023,pg_catalog,pg_conversion,0,0,0,0,0,0,0,0,0,0,0,0,0,0,,,,
1415326863.10023,pg_catalog,pg_foreign_data_wrapper,0,0,0,0,0,0,0,0,0,0,0,0,0,0,,,,
1415326863.10023,pg_catalog,pg_opfamily,0,0,0,0,0,0,0,0,0,0,0,0,0,0,,,,
1415326863.10023,public,part,12,18000000,61,2334797,2000000,0,0,0,2000000,0,173351,450084,6473,156,,,,
1415326863.10023,pg_catalog,pg_shdescription,0,0,0,0,0,0,0,0,0,0,0,0,0,0,0,0,0,0
1415326863.10023,pg_catalog,pg_tablespace,2,4,13296,13296,0,0,0,0,0,0,81,13217,162,26430,,,,
1415326863.10023,pg_catalog,pg_inherits,0,0,531,0,0,0,0,0,0,0,0,0,259,272,,,,
1415326863.10023,pg_toast,pg_toast_2606,0,0,0,0,0,0,0,0,0,0,0,0,0,0,,,,
1415326863.10023,pg_toast,pg_toast_2964,0,0,0,0,0,0,0,0,0,0,0,0,0,0,,,,
1415326863.10023,pg_catalog,pg_database,1554,6003,66115,66113,1,0,0,0,1,0,20,67648,241,104265,,,,
1415326863.10023,pg_toast,pg_toast_2620,0,0,0,0,0,0,0,0,0,0,0,0,0,0,,,,
1415326863.10023,information_schema,sql_sizing,0,0,,,0,0,0,0,0,0,0,0,,,0,0,0,0
1415326863.10023,pg_catalog,pg_amproc,242,484,80240,119325,0,0,0,0,0,0,206,78409,176,178988,,,,
1415326863.10023,pg_catalog,pg_collation,0,0,0,0,0,0,0,0,0,0,0,0,0,0,,,,
1415326863.10023,pg_catalog,pg_constraint,0,0,136,64,72,0,64,0,10,8,40,389,72,708,0,0,0,0
1415326863.10023,pg_catalog,pg_range,0,0,4225,0,0,0,0,0,0,0,0,0,643,7807,,,,
1415326863.10023,pg_toast,pg_toast_11600,0,0,0,0,0,0,0,0,0,0,0,0,0,0,,,,
1415326863.10023,pg_toast,pg_toast_11590,0,0,0,0,0,0,0,0,0,0,0,0,0,0,,,,
1415326863.10023,public,partsupp,5,32000000,48360,9717029,8000000,0,0,0,8000000,0,682527,2831332,37711,134161,,,,
1415326863.10023,information_schema,sql_implementation_info,0,0,,,0,0,0,0,0,0,0,0,,,0,0,0,0
1415326863.10023,pg_catalog,pg_user_mapping,0,0,0,0,0,0,0,0,0,0,0,0,0,0,,,,
1415326863.10023,public,customer,11,12000000,64,1174964,1500000,0,0,0,1500000,0,111293,573759,3598,152,,,,
1415326863.10023,pg_catalog,pg_largeobject,0,0,0,0,0,0,0,0,0,0,0,0,0,0,,,,
1415326863.10023,pg_catalog,pg_namespace,1226,22708,99353,81176,22,0,0,0,22,0,99,82359,1361,118675,,,,
1415326863.10023,information_schema,sql_parts,0,0,,,0,0,0,0,0,0,0,0,,,0,0,0,0
1415326863.10023,pg_catalog,pg_authid,576,576,36565,36565,0,0,0,0,0,0,66,37075,270,72860,,,,
1415326863.10023,pg_catalog,pg_index,2893,279203,182577,264522,402,0,374,0,138,0,927,247943,369,211832,,,,
1415326863.10023,pg_catalog,pg_ts_dict,0,0,0,0,0,0,0,0,0,0,0,0,0,0,,,,
1415326863.10023,pg_catalog,pg_class,7076,1526322,483969,450418,943,301,905,287,326,76,2222,510340,757,961450,,,,
1415326863.10023,pg_toast,pg_toast_2396,0,0,0,0,0,0,0,0,0,0,0,0,0,0,,,,
1415326863.10023,pg_catalog,pg_enum,0,0,0,0,0,0,0,0,0,0,0,0,0,0,,,,
1415326863.10023,pg_catalog,pg_db_role_setting,0,0,57636,0,0,0,0,0,0,0,0,0,60,57576,0,0,0,0
1415326863.10023,public,region,6376,31855,14,14,5,0,0,0,5,0,3,6384,6,13,,,,
1415326863.10023,pg_catalog,pg_seclabel,0,0,2324,0,0,0,0,0,0,0,0,0,223,2101,0,0,0,0
1415326863.10023,public,nation,14,150,3308063,3308063,25,0,0,0,25,0,3,3308068,6,3308071,,,,
1415326863.10023,pg_toast,pg_toast_2609,0,0,0,0,0,0,0,0,0,0,0,0,0,0,,,,
1415326863.10023,pg_toast,pg_toast_1255,0,0,0,0,0,0,0,0,0,0,0,0,0,0,,,,
1415326863.10023,pg_catalog,pg_rewrite,0,0,5395,4492,301,0,301,0,106,13,2671,4224,1100,8102,1550,2063,540,2594
1415326863.10023,pg_catalog,pg_ts_config,0,0,0,0,0,0,0,0,0,0,0,0,0,0,,,,
1415326863.10023,pg_catalog,pg_extension,0,0,0,0,0,0,0,0,0,0,0,0,0,0,,,,
1415326863.10023,pg_catalog,pg_amop,0,0,161823,235132,0,0,0,0,0,0,306,234826,1000,344689,,,,
1415326863.10023,pg_catalog,pg_cast,0,0,584114,144835,0,0,0,0,0,0,221,144614,132,601664,,,,
1415326863.10023,pg_toast,pg_toast_2619,0,0,73242,244733,2781,0,2530,0,267,6,19270,98282,258,85519,,,,
1415326863.10023,pg_toast,pg_toast_11610,0,0,0,0,0,0,0,0,0,0,0,0,0,0,,,,
1415326863.10023,pg_toast,pg_toast_2604,0,0,0,0,0,0,0,0,0,0,0,0,0,0,,,,
1415326923.10235,pg_catalog,pg_auth_members,0,0,0,0,0,0,0,0,0,0,0,0,0,0,,,,
1415326923.10235,pg_catalog,pg_operator,0,0,139548,697032,0,0,0,0,0,0,1611,491505,1440,304911,,,,
1415326923.10235,pg_catalog,pg_aggregate,0,0,9557,9557,0,0,0,0,0,0,241,9316,627,16074,,,,
1415326923.10235,pg_catalog,pg_pltemplate,0,0,0,0,0,0,0,0,0,0,0,0,0,0,,,,
1415326923.10235,pg_toast,pg_toast_11615,0,0,0,0,0,0,0,0,0,0,0,0,0,0,,,,
1415326923.10235,pg_catalog,pg_description,0,0,2328,0,0,0,0,0,0,0,0,0,708,4480,0,0,0,0
1415326923.10235,pg_catalog,pg_language,0,0,0,0,0,0,0,0,0,0,0,0,0,0,,,,
1415326923.10235,public,supplier,12,600000,3308078,3381114,100000,0,0,0,100000,0,8723,3328743,756,6634082,,,,
1415326923.10235,pg_catalog,pg_ts_parser,0,0,0,0,0,0,0,0,0,0,0,0,0,0,,,,
1415326923.10235,pg_catalog,pg_shseclabel,0,0,0,0,0,0,0,0,0,0,0,0,0,0,,,,
1415326923.10235,public,lineitem,23,900148482,805356,56694013,60045669,0,0,0,60045938,0,16715487,10626380,449203,4347753,,,,
1415326923.10235,pg_catalog,pg_foreign_table,0,0,0,0,0,0,0,0,0,0,0,0,0,0,,,,
1415326923.10235,pg_toast,pg_toast_11620,0,0,0,0,0,0,0,0,0,0,0,0,0,0,,,,
1415326923.10235,pg_catalog,pg_attrdef,0,0,0,0,0,0,0,0,0,0,0,0,0,0,0,0,0,0
1415326923.10235,pg_catalog,pg_ts_template,0,0,0,0,0,0,0,0,0,0,0,0,0,0,,,,
1415326923.10235,pg_catalog,pg_foreign_server,0,0,0,0,0,0,0,0,0,0,0,0,0,0,,,,
1415326923.10235,pg_catalog,pg_default_acl,0,0,2168,0,0,0,0,0,0,0,0,0,224,1944,,,,
1415326923.10235,pg_toast,pg_toast_11595,0,0,0,0,0,0,0,0,0,0,0,0,0,0,,,,
1415326923.10235,public,time_statistics,18,205,,,21,18,0,18,21,18,2,55,,,,,,
1415326923.10235,information_schema,sql_packages,0,0,,,0,0,0,0,0,0,0,0,,,0,0,0,0
1415326923.10235,pg_catalog,pg_attribute,1331,8833,377066,833543,3406,90,3228,76,2425,349,7554,404418,2083,786497,,,,
1415326923.10235,pg_catalog,pg_statistic,0,0,102589,98177,741,2169,678,1774,498,82,7053,97242,781,220297,19292,98302,258,85552
1415326923.10235,public,orders,14,120060000,4708994,9844689,15015000,0,0,0,15015000,0,1112965,7156162,99152,14203278,,,,
1415326923.10235,pg_toast,pg_toast_2618,0,0,2076,6734,0,0,0,0,0,0,1553,2067,540,2600,,,,
1415326923.10235,pg_toast,pg_toast_3596,0,0,0,0,0,0,0,0,0,0,0,0,0,0,,,,
1415326923.10235,information_schema,sql_features,0,0,,,0,0,0,0,0,0,0,0,,,0,0,0,0
1415326923.10235,pg_catalog,pg_depend,0,0,22248,23904,4128,0,4038,0,5665,224,3646,27953,5719,57705,,,,
1415326923.10235,pg_toast,pg_toast_11605,0,0,0,0,0,0,0,0,0,0,0,0,0,0,,,,
1415326923.10235,pg_catalog,pg_opclass,242,242,109167,1175939,0,0,0,0,0,0,144,419628,539,135232,,,,
1415326923.10235,pg_catalog,pg_proc,0,0,166036,245710,0,0,0,0,0,0,10894,173371,3939,366780,0,0,0,0
1415326923.10235,pg_catalog,pg_trigger,0,0,0,0,0,0,0,0,0,0,0,0,0,0,0,0,0,0
1415326923.10235,information_schema,sql_languages,0,0,,,0,0,0,0,0,0,0,0,,,0,0,0,0
1415326923.10235,pg_catalog,pg_am,19101,19101,0,0,0,0,0,0,0,0,61,19040,0,0,,,,
1415326923.10235,pg_catalog,pg_largeobject_metadata,0,0,0,0,0,0,0,0,0,0,0,0,0,0,,,,
1415326923.10235,pg_catalog,pg_ts_config_map,0,0,0,0,0,0,0,0,0,0,0,0,0,0,,,,
1415326923.10235,pg_catalog,pg_type,0,0,417783,413723,1075,0,1056,0,349,69,1730,416554,2656,840352,,,,
1415326923.10235,information_schema,sql_sizing_profiles,0,0,,,0,0,0,0,0,0,0,0,,,0,0,0,0
1415326923.10235,pg_catalog,pg_shdepend,0,0,2894,565,0,0,0,0,0,0,252,313,995,2975,,,,
1415326923.10235,pg_catalog,pg_conversion,0,0,0,0,0,0,0,0,0,0,0,0,0,0,,,,
1415326923.10235,pg_catalog,pg_foreign_data_wrapper,0,0,0,0,0,0,0,0,0,0,0,0,0,0,,,,
1415326923.10235,pg_catalog,pg_opfamily,0,0,0,0,0,0,0,0,0,0,0,0,0,0,,,,
1415326923.10235,public,part,12,18000000,61,2334797,2000000,0,0,0,2000000,0,173351,450084,6473,156,,,,
1415326923.10235,pg_catalog,pg_shdescription,0,0,0,0,0,0,0,0,0,0,0,0,0,0,0,0,0,0
1415326923.10235,pg_catalog,pg_tablespace,2,4,13305,13305,0,0,0,0,0,0,81,13226,162,26448,,,,
1415326923.10235,pg_catalog,pg_inherits,0,0,532,0,0,0,0,0,0,0,0,0,260,272,,,,
1415326923.10235,pg_toast,pg_toast_2606,0,0,0,0,0,0,0,0,0,0,0,0,0,0,,,,
1415326923.10235,pg_toast,pg_toast_2964,0,0,0,0,0,0,0,0,0,0,0,0,0,0,,,,
1415326923.10235,pg_catalog,pg_database,1557,6015,66165,66163,1,0,0,0,1,0,20,67701,241,104347,,,,
1415326923.10235,pg_toast,pg_toast_2620,0,0,0,0,0,0,0,0,0,0,0,0,0,0,,,,
1415326923.10235,information_schema,sql_sizing,0,0,,,0,0,0,0,0,0,0,0,,,0,0,0,0
1415326923.10235,pg_catalog,pg_amproc,242,484,80279,119387,0,0,0,0,0,0,206,78447,176,179081,,,,
1415326923.10235,pg_catalog,pg_collation,0,0,0,0,0,0,0,0,0,0,0,0,0,0,,,,
1415326923.10235,pg_catalog,pg_constraint,0,0,136,64,72,0,64,0,10,8,40,389,72,708,0,0,0,0
1415326923.10235,pg_catalog,pg_range,0,0,4228,0,0,0,0,0,0,0,0,0,643,7813,,,,
1415326923.10235,pg_toast,pg_toast_11600,0,0,0,0,0,0,0,0,0,0,0,0,0,0,,,,
1415326923.10235,pg_toast,pg_toast_11590,0,0,0,0,0,0,0,0,0,0,0,0,0,0,,,,
1415326923.10235,public,partsupp,5,32000000,56410,10360397,8000000,0,0,0,8000000,0,828165,3329062,42278,155539,,,,
1415326923.10235,information_schema,sql_implementation_info,0,0,,,0,0,0,0,0,0,0,0,,,0,0,0,0
1415326923.10235,pg_catalog,pg_user_mapping,0,0,0,0,0,0,0,0,0,0,0,0,0,0,,,,
1415326923.10235,public,customer,11,12000000,64,1174964,1500000,0,0,0,1500000,0,111293,573759,3598,152,,,,
1415326923.10235,pg_catalog,pg_largeobject,0,0,0,0,0,0,0,0,0,0,0,0,0,0,,,,
1415326923.10235,pg_catalog,pg_namespace,1228,22764,99528,81339,22,0,0,0,22,0,99,82524,1362,118864,,,,
1415326923.10235,information_schema,sql_parts,0,0,,,0,0,0,0,0,0,0,0,,,0,0,0,0
1415326923.10235,pg_catalog,pg_authid,576,576,36593,36593,0,0,0,0,0,0,66,37103,270,72916,,,,
1415326923.10235,pg_catalog,pg_index,2897,279755,182668,264646,402,0,374,0,138,0,927,248079,369,211944,,,,
1415326923.10235,pg_catalog,pg_ts_dict,0,0,0,0,0,0,0,0,0,0,0,0,0,0,,,,
1415326923.10235,pg_catalog,pg_class,7086,1529013,484425,450858,944,302,906,288,326,78,2226,510874,757,962394,,,,
1415326923.10235,pg_toast,pg_toast_2396,0,0,0,0,0,0,0,0,0,0,0,0,0,0,,,,
1415326923.10235,pg_catalog,pg_enum,0,0,0,0,0,0,0,0,0,0,0,0,0,0,,,,
1415326923.10235,pg_catalog,pg_db_role_setting,0,0,57684,0,0,0,0,0,0,0,0,0,60,57624,0,0,0,0
1415326923.10235,public,region,6376,31855,14,14,5,0,0,0,5,0,3,6384,6,13,,,,
1415326923.10235,pg_catalog,pg_seclabel,0,0,2328,0,0,0,0,0,0,0,0,0,224,2104,0,0,0,0
1415326923.10235,public,nation,16,200,3308067,3308067,25,0,0,0,25,0,4,3308073,8,3308074,,,,
1415326923.10235,pg_toast,pg_toast_2609,0,0,0,0,0,0,0,0,0,0,0,0,0,0,,,,
1415326923.10235,pg_toast,pg_toast_1255,0,0,0,0,0,0,0,0,0,0,0,0,0,0,,,,
1415326923.10235,pg_catalog,pg_rewrite,0,0,5406,4500,302,0,302,0,106,14,2677,4232,1102,8118,1553,2067,540,2600
1415326923.10235,pg_catalog,pg_ts_config,0,0,0,0,0,0,0,0,0,0,0,0,0,0,,,,
1415326923.10235,pg_catalog,pg_extension,0,0,0,0,0,0,0,0,0,0,0,0,0,0,,,,
1415326923.10235,pg_catalog,pg_amop,0,0,161887,235225,0,0,0,0,0,0,306,234919,1001,344829,,,,
1415326923.10235,pg_catalog,pg_cast,0,0,584377,144910,0,0,0,0,0,0,221,144689,132,601939,,,,
1415326923.10235,pg_toast,pg_toast_2619,0,0,73270,244830,2781,0,2530,0,267,6,19292,98302,258,85552,,,,
1415326923.10235,pg_toast,pg_toast_11610,0,0,0,0,0,0,0,0,0,0,0,0,0,0,,,,
1415326923.10235,pg_toast,pg_toast_2604,0,0,0,0,0,0,0,0,0,0,0,0,0,0,,,,
1415326983.10396,pg_catalog,pg_auth_members,0,0,0,0,0,0,0,0,0,0,0,0,0,0,,,,
1415326983.10396,pg_catalog,pg_operator,0,0,139637,697565,0,0,0,0,0,0,1611,491874,1441,305109,,,,
1415326983.10396,pg_catalog,pg_aggregate,0,0,9564,9564,0,0,0,0,0,0,241,9323,627,16085,,,,
1415326983.10396,pg_catalog,pg_pltemplate,0,0,0,0,0,0,0,0,0,0,0,0,0,0,,,,
1415326983.10396,pg_toast,pg_toast_11615,0,0,0,0,0,0,0,0,0,0,0,0,0,0,,,,
1415326983.10396,pg_catalog,pg_description,0,0,2328,0,0,0,0,0,0,0,0,0,708,4480,0,0,0,0
1415326983.10396,pg_catalog,pg_language,0,0,0,0,0,0,0,0,0,0,0,0,0,0,,,,
1415326983.10396,public,supplier,12,600000,3308078,3381114,100000,0,0,0,100000,0,8723,3328743,756,6634082,,,,
1415326983.10396,pg_catalog,pg_ts_parser,0,0,0,0,0,0,0,0,0,0,0,0,0,0,,,,
1415326983.10396,pg_catalog,pg_shseclabel,0,0,0,0,0,0,0,0,0,0,0,0,0,0,,,,
1415326983.10396,public,lineitem,24,960194151,826555,71562350,60045669,0,0,0,60045938,0,17958807,11598130,503661,4421911,,,,
1415326983.10396,pg_catalog,pg_foreign_table,0,0,0,0,0,0,0,0,0,0,0,0,0,0,,,,
1415326983.10396,pg_toast,pg_toast_11620,0,0,0,0,0,0,0,0,0,0,0,0,0,0,,,,
1415326983.10396,pg_catalog,pg_attrdef,0,0,0,0,0,0,0,0,0,0,0,0,0,0,0,0,0,0
1415326983.10396,pg_catalog,pg_ts_template,0,0,0,0,0,0,0,0,0,0,0,0,0,0,,,,
1415326983.10396,pg_catalog,pg_foreign_server,0,0,0,0,0,0,0,0,0,0,0,0,0,0,,,,
1415326983.10396,pg_catalog,pg_default_acl,0,0,2168,0,0,0,0,0,0,0,0,0,224,1944,,,,
1415326983.10396,pg_toast,pg_toast_11595,0,0,0,0,0,0,0,0,0,0,0,0,0,0,,,,
1415326983.10396,public,time_statistics,21,271,,,24,21,0,21,24,21,2,64,,,,,,
1415326983.10396,information_schema,sql_packages,0,0,,,0,0,0,0,0,0,0,0,,,0,0,0,0
1415326983.10396,pg_catalog,pg_attribute,1331,8833,377387,834147,3406,90,3228,76,2425,349,7554,404740,2083,787154,,,,
1415326983.10396,pg_catalog,pg_statistic,0,0,102663,98234,741,2169,678,1774,498,82,7057,97295,781,220457,19310,98330,258,85587
1415326983.10396,public,orders,14,120060000,4708997,10413434,15015000,0,0,0,15015000,0,1301207,7195622,100714,14203279,,,,
1415326983.10396,pg_toast,pg_toast_2618,0,0,2080,6747,0,0,0,0,0,0,1553,2074,540,2606,,,,
1415326983.10396,pg_toast,pg_toast_3596,0,0,0,0,0,0,0,0,0,0,0,0,0,0,,,,
1415326983.10396,information_schema,sql_features,0,0,,,0,0,0,0,0,0,0,0,,,0,0,0,0
1415326983.10396,pg_catalog,pg_depend,0,0,22248,23904,4128,0,4038,0,5665,224,3646,27953,5719,57705,,,,
1415326983.10396,pg_toast,pg_toast_11605,0,0,0,0,0,0,0,0,0,0,0,0,0,0,,,,
1415326983.10396,pg_catalog,pg_opclass,242,242,109233,1176657,0,0,0,0,0,0,144,419879,539,135319,,,,
1415326983.10396,pg_catalog,pg_proc,0,0,166194,245938,0,0,0,0,0,0,10899,173545,3941,367130,0,0,0,0
1415326983.10396,pg_catalog,pg_trigger,0,0,0,0,0,0,0,0,0,0,0,0,0,0,0,0,0,0
1415326983.10396,information_schema,sql_languages,0,0,,,0,0,0,0,0,0,0,0,,,0,0,0,0
1415326983.10396,pg_catalog,pg_am,19116,19116,0,0,0,0,0,0,0,0,61,19055,0,0,,,,
1415326983.10396,pg_catalog,pg_largeobject_metadata,0,0,0,0,0,0,0,0,0,0,0,0,0,0,,,,
1415326983.10396,pg_catalog,pg_ts_config_map,0,0,0,0,0,0,0,0,0,0,0,0,0,0,,,,
1415326983.10396,pg_catalog,pg_type,0,0,418124,414064,1075,0,1056,0,349,69,1730,416895,2656,841051,,,,
1415326983.10396,information_schema,sql_sizing_profiles,0,0,,,0,0,0,0,0,0,0,0,,,0,0,0,0
1415326983.10396,pg_catalog,pg_shdepend,0,0,2894,565,0,0,0,0,0,0,252,313,995,2975,,,,
1415326983.10396,pg_catalog,pg_conversion,0,0,0,0,0,0,0,0,0,0,0,0,0,0,,,,
1415326983.10396,pg_catalog,pg_foreign_data_wrapper,0,0,0,0,0,0,0,0,0,0,0,0,0,0,,,,
1415326983.10396,pg_catalog,pg_opfamily,0,0,0,0,0,0,0,0,0,0,0,0,0,0,,,,
1415326983.10396,public,part,12,18000000,77,2345396,2000000,0,0,0,2000000,0,182705,450086,7747,716,,,,
1415326983.10396,pg_catalog,pg_shdescription,0,0,0,0,0,0,0,0,0,0,0,0,0,0,0,0,0,0
1415326983.10396,pg_catalog,pg_tablespace,2,4,13317,13317,0,0,0,0,0,0,81,13238,162,26472,,,,
1415326983.10396,pg_catalog,pg_inherits,0,0,532,0,0,0,0,0,0,0,0,0,260,272,,,,
1415326983.10396,pg_toast,pg_toast_2606,0,0,0,0,0,0,0,0,0,0,0,0,0,0,,,,
1415326983.10396,pg_toast,pg_toast_2964,0,0,0,0,0,0,0,0,0,0,0,0,0,0,,,,
1415326983.10396,pg_catalog,pg_database,1560,6027,66226,66224,1,0,0,0,1,0,20,67765,241,104440,,,,
1415326983.10396,pg_toast,pg_toast_2620,0,0,0,0,0,0,0,0,0,0,0,0,0,0,,,,
1415326983.10396,information_schema,sql_sizing,0,0,,,0,0,0,0,0,0,0,0,,,0,0,0,0
1415326983.10396,pg_catalog,pg_amproc,242,484,80330,119464,0,0,0,0,0,0,206,78497,176,179198,,,,
1415326983.10396,pg_catalog,pg_collation,0,0,0,0,0,0,0,0,0,0,0,0,0,0,,,,
1415326983.10396,pg_catalog,pg_constraint,0,0,136,64,72,0,64,0,10,8,40,389,72,708,0,0,0,0
1415326983.10396,pg_catalog,pg_range,0,0,4231,0,0,0,0,0,0,0,0,0,645,7817,,,,
1415326983.10396,pg_toast,pg_toast_11600,0,0,0,0,0,0,0,0,0,0,0,0,0,0,,,,
1415326983.10396,pg_toast,pg_toast_11590,0,0,0,0,0,0,0,0,0,0,0,0,0,0,,,,
1415326983.10396,public,partsupp,5,32000000,56410,10360397,8000000,0,0,0,8000000,0,828165,3329062,42278,155539,,,,
1415326983.10396,information_schema,sql_implementation_info,0,0,,,0,0,0,0,0,0,0,0,,,0,0,0,0
1415326983.10396,pg_catalog,pg_user_mapping,0,0,0,0,0,0,0,0,0,0,0,0,0,0,,,,
1415326983.10396,public,customer,12,13500000,68,1174968,1500000,0,0,0,1500000,0,146571,573763,3604,159,,,,
1415326983.10396,pg_catalog,pg_largeobject,0,0,0,0,0,0,0,0,0,0,0,0,0,0,,,,
1415326983.10396,pg_catalog,pg_namespace,1230,22820,99710,81506,22,0,0,0,22,0,99,82693,1362,119062,,,,
1415326983.10396,information_schema,sql_parts,0,0,,,0,0,0,0,0,0,0,0,,,0,0,0,0
1415326983.10396,pg_catalog,pg_authid,578,578,36621,36621,0,0,0,0,0,0,66,37133,270,72972,,,,
1415326983.10396,pg_catalog,pg_index,2901,280307,182765,264786,402,0,374,0,138,0,927,248230,369,212065,,,,
1415326983.10396,pg_catalog,pg_ts_dict,0,0,0,0,0,0,0,0,0,0,0,0,0,0,,,,
1415326983.10396,pg_catalog,pg_class,7097,1532030,484888,451308,944,302,906,288,326,78,2226,511424,757,963351,,,,
1415326983.10396,pg_toast,pg_toast_2396,0,0,0,0,0,0,0,0,0,0,0,0,0,0,,,,
1415326983.10396,pg_catalog,pg_enum,0,0,0,0,0,0,0,0,0,0,0,0,0,0,,,,
1415326983.10396,pg_catalog,pg_db_role_setting,0,0,57732,0,0,0,0,0,0,0,0,0,60,57672,0,0,0,0
1415326983.10396,public,region,6376,31855,14,14,5,0,0,0,5,0,3,6384,6,13,,,,
1415326983.10396,pg_catalog,pg_seclabel,0,0,2328,0,0,0,0,0,0,0,0,0,224,2104,0,0,0,0
1415326983.10396,public,nation,17,225,3308069,3308069,25,0,0,0,25,0,4,3308076,8,3308077,,,,
1415326983.10396,pg_toast,pg_toast_2609,0,0,0,0,0,0,0,0,0,0,0,0,0,0,,,,
1415326983.10396,pg_toast,pg_toast_1255,0,0,0,0,0,0,0,0,0,0,0,0,0,0,,,,
1415326983.10396,pg_catalog,pg_rewrite,0,0,5414,4508,302,0,302,0,106,14,2677,4240,1102,8132,1553,2074,540,2606
1415326983.10396,pg_catalog,pg_ts_config,0,0,0,0,0,0,0,0,0,0,0,0,0,0,,,,
1415326983.10396,pg_catalog,pg_extension,0,0,0,0,0,0,0,0,0,0,0,0,0,0,,,,
1415326983.10396,pg_catalog,pg_amop,0,0,161997,235383,0,0,0,0,0,0,306,235077,1001,345068,,,,
1415326983.10396,pg_catalog,pg_cast,0,0,584780,145009,0,0,0,0,0,0,221,144788,132,602357,,,,
1415326983.10396,pg_toast,pg_toast_2619,0,0,73299,244939,2781,0,2530,0,267,6,19310,98330,258,85587,,,,
1415326983.10396,pg_toast,pg_toast_11610,0,0,0,0,0,0,0,0,0,0,0,0,0,0,,,,
1415326983.10396,pg_toast,pg_toast_2604,0,0,0,0,0,0,0,0,0,0,0,0,0,0,,,,
1415327043.10708,pg_catalog,pg_auth_members,0,0,0,0,0,0,0,0,0,0,0,0,0,0,,,,
1415327043.10708,pg_catalog,pg_operator,0,0,139680,697706,0,0,0,0,0,0,1611,491977,1442,305208,,,,
1415327043.10708,pg_catalog,pg_aggregate,0,0,9566,9566,0,0,0,0,0,0,241,9325,627,16089,,,,
1415327043.10708,pg_catalog,pg_pltemplate,0,0,0,0,0,0,0,0,0,0,0,0,0,0,,,,
1415327043.10708,pg_toast,pg_toast_11615,0,0,0,0,0,0,0,0,0,0,0,0,0,0,,,,
1415327043.10708,pg_catalog,pg_description,0,0,2328,0,0,0,0,0,0,0,0,0,708,4480,0,0,0,0
1415327043.10708,pg_catalog,pg_language,0,0,0,0,0,0,0,0,0,0,0,0,0,0,,,,
1415327043.10708,public,supplier,13,700000,3308082,3381118,100000,0,0,0,100000,0,10876,3328773,758,6634089,,,,
1415327043.10708,pg_catalog,pg_ts_parser,0,0,0,0,0,0,0,0,0,0,0,0,0,0,,,,
1415327043.10708,pg_catalog,pg_shseclabel,0,0,0,0,0,0,0,0,0,0,0,0,0,0,,,,
1415327043.10708,public,lineitem,25,1020239820,826559,71562354,60045669,0,0,0,60045938,0,18376457,12246959,503669,4421920,,,,
1415327043.10708,pg_catalog,pg_foreign_table,0,0,0,0,0,0,0,0,0,0,0,0,0,0,,,,
1415327043.10708,pg_toast,pg_toast_11620,0,0,0,0,0,0,0,0,0,0,0,0,0,0,,,,
1415327043.10708,pg_catalog,pg_attrdef,0,0,0,0,0,0,0,0,0,0,0,0,0,0,0,0,0,0
1415327043.10708,pg_catalog,pg_ts_template,0,0,0,0,0,0,0,0,0,0,0,0,0,0,,,,
1415327043.10708,pg_catalog,pg_foreign_server,0,0,0,0,0,0,0,0,0,0,0,0,0,0,,,,
1415327043.10708,pg_catalog,pg_default_acl,0,0,2168,0,0,0,0,0,0,0,0,0,224,1944,,,,
1415327043.10708,pg_toast,pg_toast_11595,0,0,0,0,0,0,0,0,0,0,0,0,0,0,,,,
1415327043.10708,public,time_statistics,22,295,,,25,22,0,22,25,22,2,67,,,,,,
1415327043.10708,information_schema,sql_packages,0,0,,,0,0,0,0,0,0,0,0,,,0,0,0,0
1415327043.10708,pg_catalog,pg_attribute,1331,8833,377643,834612,3406,90,3228,76,2425,349,7555,404996,2083,787675,,,,
1415327043.10708,pg_catalog,pg_statistic,0,0,102711,98273,741,2169,678,1774,498,82,7060,97331,781,220561,19316,98345,258,85609
1415327043.10708,public,orders,14,120060000,4709002,12691282,15015000,0,0,0,15015000,0,1554709,7195628,106941,14203286,,,,
1415327043.10708,pg_toast,pg_toast_2618,0,0,2084,6760,0,0,0,0,0,0,1556,2078,540,2612,,,,
1415327043.10708,pg_toast,pg_toast_3596,0,0,0,0,0,0,0,0,0,0,0,0,0,0,,,,
1415327043.10708,information_schema,sql_features,0,0,,,0,0,0,0,0,0,0,0,,,0,0,0,0
1415327043.10708,pg_catalog,pg_depend,0,0,22248,23904,4128,0,4038,0,5665,224,3646,27953,5719,57705,,,,
1415327043.10708,pg_toast,pg_toast_11605,0,0,0,0,0,0,0,0,0,0,0,0,0,0,,,,
1415327043.10708,pg_catalog,pg_opclass,242,242,109271,1177079,0,0,0,0,0,0,144,420025,539,135371,,,,
1415327043.10708,pg_catalog,pg_proc,0,0,166301,246094,0,0,0,0,0,0,10904,173666,3941,367368,0,0,0,0
1415327043.10708,pg_catalog,pg_trigger,0,0,0,0,0,0,0,0,0,0,0,0,0,0,0,0,0,0
1415327043.10708,information_schema,sql_languages,0,0,,,0,0,0,0,0,0,0,0,,,0,0,0,0
1415327043.10708,pg_catalog,pg_am,19125,19125,0,0,0,0,0,0,0,0,61,19064,0,0,,,,
1415327043.10708,pg_catalog,pg_largeobject_metadata,0,0,0,0,0,0,0,0,0,0,0,0,0,0,,,,
1415327043.10708,pg_catalog,pg_ts_config_map,0,0,0,0,0,0,0,0,0,0,0,0,0,0,,,,
1415327043.10708,pg_catalog,pg_type,0,0,418307,414247,1075,0,1056,0,349,69,1730,417078,2657,841426,,,,
1415327043.10708,information_schema,sql_sizing_profiles,0,0,,,0,0,0,0,0,0,0,0,,,0,0,0,0
1415327043.10708,pg_catalog,pg_shdepend,0,0,2894,565,0,0,0,0,0,0,252,313,995,2975,,,,
1415327043.10708,pg_catalog,pg_conversion,0,0,0,0,0,0,0,0,0,0,0,0,0,0,,,,
1415327043.10708,pg_catalog,pg_foreign_data_wrapper,0,0,0,0,0,0,0,0,0,0,0,0,0,0,,,,
1415327043.10708,pg_catalog,pg_opfamily,0,0,0,0,0,0,0,0,0,0,0,0,0,0,,,,
1415327043.10708,public,part,12,18000000,77,2345396,2000000,0,0,0,2000000,0,182705,450086,7747,716,,,,
1415327043.10708,pg_catalog,pg_shdescription,0,0,0,0,0,0,0,0,0,0,0,0,0,0,0,0,0,0
1415327043.10708,pg_catalog,pg_tablespace,2,4,13325,13325,0,0,0,0,0,0,81,13246,162,26488,,,,
1415327043.10708,pg_catalog,pg_inherits,0,0,532,0,0,0,0,0,0,0,0,0,260,272,,,,
1415327043.10708,pg_toast,pg_toast_2606,0,0,0,0,0,0,0,0,0,0,0,0,0,0,,,,
1415327043.10708,pg_toast,pg_toast_2964,0,0,0,0,0,0,0,0,0,0,0,0,0,0,,,,
1415327043.10708,pg_catalog,pg_database,1563,6039,66264,66262,1,0,0,0,1,0,20,67806,241,104498,,,,
1415327043.10708,pg_toast,pg_toast_2620,0,0,0,0,0,0,0,0,0,0,0,0,0,0,,,,
1415327043.10708,information_schema,sql_sizing,0,0,,,0,0,0,0,0,0,0,0,,,0,0,0,0
1415327043.10708,pg_catalog,pg_amproc,242,484,80362,119512,0,0,0,0,0,0,206,78529,176,179271,,,,
1415327043.10708,pg_catalog,pg_collation,0,0,0,0,0,0,0,0,0,0,0,0,0,0,,,,
1415327043.10708,pg_catalog,pg_constraint,0,0,136,64,72,0,64,0,10,8,40,389,72,708,0,0,0,0
1415327043.10708,pg_catalog,pg_range,0,0,4232,0,0,0,0,0,0,0,0,0,645,7819,,,,
1415327043.10708,pg_toast,pg_toast_11600,0,0,0,0,0,0,0,0,0,0,0,0,0,0,,,,
1415327043.10708,pg_toast,pg_toast_11590,0,0,0,0,0,0,0,0,0,0,0,0,0,0,,,,
1415327043.10708,public,partsupp,5,32000000,56410,10360397,8000000,0,0,0,8000000,0,828165,3329062,42278,155539,,,,
1415327043.10708,information_schema,sql_implementation_info,0,0,,,0,0,0,0,0,0,0,0,,,0,0,0,0
1415327043.10708,pg_catalog,pg_user_mapping,0,0,0,0,0,0,0,0,0,0,0,0,0,0,,,,
1415327043.10708,public,customer,12,13500000,77,1474408,1500000,0,0,0,1500000,0,181845,683595,4436,174,,,,
1415327043.10708,pg_catalog,pg_largeobject,0,0,0,0,0,0,0,0,0,0,0,0,0,0,,,,
1415327043.10708,pg_catalog,pg_namespace,1232,22876,99875,81662,22,0,0,0,22,0,99,82851,1363,119236,,,,
1415327043.10708,information_schema,sql_parts,0,0,,,0,0,0,0,0,0,0,0,,,0,0,0,0
1415327043.10708,pg_catalog,pg_authid,579,579,36637,36637,0,0,0,0,0,0,66,37150,270,73004,,,,
1415327043.10708,pg_catalog,pg_index,2905,280859,182834,264881,402,0,374,0,138,0,927,248338,369,212150,,,,
1415327043.10708,pg_catalog,pg_ts_dict,0,0,0,0,0,0,0,0,0,0,0,0,0,0,,,,
1415327043.10708,pg_catalog,pg_class,7109,1535373,485296,451708,944,302,906,288,326,78,2227,511932,757,964186,,,,
1415327043.10708,pg_toast,pg_toast_2396,0,0,0,0,0,0,0,0,0,0,0,0,0,0,,,,
1415327043.10708,pg_catalog,pg_enum,0,0,0,0,0,0,0,0,0,0,0,0,0,0,,,,
1415327043.10708,pg_catalog,pg_db_role_setting,0,0,57762,0,0,0,0,0,0,0,0,0,60,57702,0,0,0,0
1415327043.10708,public,region,6377,31860,16,16,5,0,0,0,5,0,4,6386,8,14,,,,
1415327043.10708,pg_catalog,pg_seclabel,0,0,2328,0,0,0,0,0,0,0,0,0,224,2104,0,0,0,0
1415327043.10708,public,nation,17,225,3308078,3308102,25,0,0,0,25,0,4,3308085,9,3308086,,,,
1415327043.10708,pg_toast,pg_toast_2609,0,0,0,0,0,0,0,0,0,0,0,0,0,0,,,,
1415327043.10708,pg_toast,pg_toast_1255,0,0,0,0,0,0,0,0,0,0,0,0,0,0,,,,
1415327043.10708,pg_catalog,pg_rewrite,0,0,5422,4516,302,0,302,0,106,14,2680,4245,1102,8146,1556,2078,540,2612
1415327043.10708,pg_catalog,pg_ts_config,0,0,0,0,0,0,0,0,0,0,0,0,0,0,,,,
1415327043.10708,pg_catalog,pg_extension,0,0,0,0,0,0,0,0,0,0,0,0,0,0,,,,
1415327043.10708,pg_catalog,pg_amop,0,0,162065,235475,0,0,0,0,0,0,306,235169,1002,345216,,,,
1415327043.10708,pg_catalog,pg_cast,0,0,584962,145063,0,0,0,0,0,0,221,144842,132,602548,,,,
1415327043.10708,pg_toast,pg_toast_2619,0,0,73316,244986,2781,0,2530,0,267,6,19316,98345,258,85609,,,,
1415327043.10708,pg_toast,pg_toast_11610,0,0,0,0,0,0,0,0,0,0,0,0,0,0,,,,
1415327043.10708,pg_toast,pg_toast_2604,0,0,0,0,0,0,0,0,0,0,0,0,0,0,,,,
1415327103.10943,pg_catalog,pg_auth_members,0,0,0,0,0,0,0,0,0,0,0,0,0,0,,,,
1415327103.10943,pg_catalog,pg_operator,0,0,139735,697917,0,0,0,0,0,0,1611,492128,1443,305330,,,,
1415327103.10943,pg_catalog,pg_aggregate,0,0,9569,9569,0,0,0,0,0,0,241,9328,627,16095,,,,
1415327103.10943,pg_catalog,pg_pltemplate,0,0,0,0,0,0,0,0,0,0,0,0,0,0,,,,
1415327103.10943,pg_toast,pg_toast_11615,0,0,0,0,0,0,0,0,0,0,0,0,0,0,,,,
1415327103.10943,pg_catalog,pg_description,0,0,2328,0,0,0,0,0,0,0,0,0,708,4480,0,0,0,0
1415327103.10943,pg_catalog,pg_language,0,0,0,0,0,0,0,0,0,0,0,0,0,0,,,,
1415327103.10943,public,supplier,14,800000,3308086,3381122,100000,0,0,0,100000,0,10876,3330956,758,6634098,,,,
1415327103.10943,pg_catalog,pg_ts_parser,0,0,0,0,0,0,0,0,0,0,0,0,0,0,,,,
1415327103.10943,pg_catalog,pg_shseclabel,0,0,0,0,0,0,0,0,0,0,0,0,0,0,,,,
1415327103.10943,public,lineitem,25,1020239820,826567,97008013,60045669,0,0,0,60045938,0,20479525,12288069,573170,4421945,,,,
1415327103.10943,pg_catalog,pg_foreign_table,0,0,0,0,0,0,0,0,0,0,0,0,0,0,,,,
1415327103.10943,pg_toast,pg_toast_11620,0,0,0,0,0,0,0,0,0,0,0,0,0,0,,,,
1415327103.10943,pg_catalog,pg_attrdef,0,0,0,0,0,0,0,0,0,0,0,0,0,0,0,0,0,0
1415327103.10943,pg_catalog,pg_ts_template,0,0,0,0,0,0,0,0,0,0,0,0,0,0,,,,
1415327103.10943,pg_catalog,pg_foreign_server,0,0,0,0,0,0,0,0,0,0,0,0,0,0,,,,
1415327103.10943,pg_catalog,pg_default_acl,0,0,2168,0,0,0,0,0,0,0,0,0,224,1944,,,,
1415327103.10943,pg_toast,pg_toast_11595,0,0,0,0,0,0,0,0,0,0,0,0,0,0,,,,
1415327103.10943,public,time_statistics,24,346,,,27,24,0,24,27,24,2,73,,,,,,
1415327103.10943,information_schema,sql_packages,0,0,,,0,0,0,0,0,0,0,0,,,0,0,0,0
1415327103.10943,pg_catalog,pg_attribute,1331,8833,377890,835064,3406,90,3228,76,2425,349,7555,405244,2083,788181,,,,
1415327103.10943,pg_catalog,pg_statistic,0,0,102760,98312,741,2169,678,1774,498,82,7062,97368,781,220666,19319,98372,258,85637
1415327103.10943,public,orders,16,150090000,4709008,12691288,15015000,0,0,0,15015000,0,1808246,7449141,106942,14203305,,,,
1415327103.10943,pg_toast,pg_toast_2618,0,0,2088,6773,0,0,0,0,0,0,1556,2085,540,2618,,,,
1415327103.10943,pg_toast,pg_toast_3596,0,0,0,0,0,0,0,0,0,0,0,0,0,0,,,,
1415327103.10943,information_schema,sql_features,0,0,,,0,0,0,0,0,0,0,0,,,0,0,0,0
1415327103.10943,pg_catalog,pg_depend,0,0,22248,23904,4128,0,4038,0,5665,224,3646,27953,5719,57705,,,,
1415327103.10943,pg_toast,pg_toast_11605,0,0,0,0,0,0,0,0,0,0,0,0,0,0,,,,
1415327103.10943,pg_catalog,pg_opclass,242,242,109310,1177426,0,0,0,0,0,0,144,420149,539,135426,,,,
1415327103.10943,pg_catalog,pg_proc,0,0,166411,246246,0,0,0,0,0,0,10907,173787,3941,367610,0,0,0,0
1415327103.10943,pg_catalog,pg_trigger,0,0,0,0,0,0,0,0,0,0,0,0,0,0,0,0,0,0
1415327103.10943,information_schema,sql_languages,0,0,,,0,0,0,0,0,0,0,0,,,0,0,0,0
1415327103.10943,pg_catalog,pg_am,19137,19137,0,0,0,0,0,0,0,0,61,19076,0,0,,,,
1415327103.10943,pg_catalog,pg_largeobject_metadata,0,0,0,0,0,0,0,0,0,0,0,0,0,0,,,,
1415327103.10943,pg_catalog,pg_ts_config_map,0,0,0,0,0,0,0,0,0,0,0,0,0,0,,,,
1415327103.10943,pg_catalog,pg_type,0,0,418497,414437,1075,0,1056,0,349,69,1731,417267,2659,841815,,,,
1415327103.10943,information_schema,sql_sizing_profiles,0,0,,,0,0,0,0,0,0,0,0,,,0,0,0,0
1415327103.10943,pg_catalog,pg_shdepend,0,0,2894,565,0,0,0,0,0,0,252,313,995,2975,,,,
1415327103.10943,pg_catalog,pg_conversion,0,0,0,0,0,0,0,0,0,0,0,0,0,0,,,,
1415327103.10943,pg_catalog,pg_foreign_data_wrapper,0,0,0,0,0,0,0,0,0,0,0,0,0,0,,,,
1415327103.10943,pg_catalog,pg_opfamily,0,0,0,0,0,0,0,0,0,0,0,0,0,0,,,,
1415327103.10943,public,part,12,18000000,77,2345396,2000000,0,0,0,2000000,0,182705,450086,7747,716,,,,
1415327103.10943,pg_catalog,pg_shdescription,0,0,0,0,0,0,0,0,0,0,0,0,0,0,0,0,0,0
1415327103.10943,pg_catalog,pg_tablespace,2,4,13332,13332,0,0,0,0,0,0,81,13253,162,26502,,,,
1415327103.10943,pg_catalog,pg_inherits,0,0,532,0,0,0,0,0,0,0,0,0,260,272,,,,
1415327103.10943,pg_toast,pg_toast_2606,0,0,0,0,0,0,0,0,0,0,0,0,0,0,,,,
1415327103.10943,pg_toast,pg_toast_2964,0,0,0,0,0,0,0,0,0,0,0,0,0,0,,,,
1415327103.10943,pg_catalog,pg_database,1566,6051,66305,66303,1,0,0,0,1,0,20,67850,241,104565,,,,
1415327103.10943,pg_toast,pg_toast_2620,0,0,0,0,0,0,0,0,0,0,0,0,0,0,,,,
1415327103.10943,information_schema,sql_sizing,0,0,,,0,0,0,0,0,0,0,0,,,0,0,0,0
1415327103.10943,pg_catalog,pg_amproc,242,484,80398,119566,0,0,0,0,0,0,206,78563,176,179355,,,,
1415327103.10943,pg_catalog,pg_collation,0,0,0,0,0,0,0,0,0,0,0,0,0,0,,,,
1415327103.10943,pg_catalog,pg_constraint,0,0,136,64,72,0,64,0,10,8,40,389,72,708,0,0,0,0
1415327103.10943,pg_catalog,pg_range,0,0,4234,0,0,0,0,0,0,0,0,0,647,7821,,,,
1415327103.10943,pg_toast,pg_toast_11600,0,0,0,0,0,0,0,0,0,0,0,0,0,0,,,,
1415327103.10943,pg_toast,pg_toast_11590,0,0,0,0,0,0,0,0,0,0,0,0,0,0,,,,
1415327103.10943,public,partsupp,5,32000000,56410,10360397,8000000,0,0,0,8000000,0,828165,3329062,42278,155539,,,,
1415327103.10943,information_schema,sql_implementation_info,0,0,,,0,0,0,0,0,0,0,0,,,0,0,0,0
1415327103.10943,pg_catalog,pg_user_mapping,0,0,0,0,0,0,0,0,0,0,0,0,0,0,,,,
1415327103.10943,public,customer,12,13500000,83,1595029,1500000,0,0,0,1500000,0,181847,741882,4767,192,,,,
1415327103.10943,pg_catalog,pg_largeobject,0,0,0,0,0,0,0,0,0,0,0,0,0,0,,,,
1415327103.10943,pg_catalog,pg_namespace,1234,22932,100040,81818,22,0,0,0,22,0,99,83009,1363,119411,,,,
1415327103.10943,information_schema,sql_parts,0,0,,,0,0,0,0,0,0,0,0,,,0,0,0,0
1415327103.10943,pg_catalog,pg_authid,579,579,36659,36659,0,0,0,0,0,0,66,37172,270,73048,,,,
1415327103.10943,pg_catalog,pg_index,2909,281411,182910,264988,402,0,374,0,138,0,927,248462,369,212243,,,,
1415327103.10943,pg_catalog,pg_ts_dict,0,0,0,0,0,0,0,0,0,0,0,0,0,0,,,,
1415327103.10943,pg_catalog,pg_class,7119,1538064,485714,452115,944,302,906,288,326,78,2227,512430,757,965044,,,,
1415327103.10943,pg_toast,pg_toast_2396,0,0,0,0,0,0,0,0,0,0,0,0,0,0,,,,
1415327103.10943,pg_catalog,pg_enum,0,0,0,0,0,0,0,0,0,0,0,0,0,0,,,,
1415327103.10943,pg_catalog,pg_db_role_setting,0,0,57801,0,0,0,0,0,0,0,0,0,60,57741,0,0,0,0
1415327103.10943,public,region,6377,31860,16,16,5,0,0,0,5,0,4,6386,8,14,,,,
1415327103.10943,pg_catalog,pg_seclabel,0,0,2328,0,0,0,0,0,0,0,0,0,224,2104,0,0,0,0
1415327103.10943,public,nation,18,250,3308087,3308135,25,0,0,0,25,0,4,3308095,9,3308096,,,,
1415327103.10943,pg_toast,pg_toast_2609,0,0,0,0,0,0,0,0,0,0,0,0,0,0,,,,
1415327103.10943,pg_toast,pg_toast_1255,0,0,0,0,0,0,0,0,0,0,0,0,0,0,,,,
1415327103.10943,pg_catalog,pg_rewrite,0,0,5427,4521,302,0,302,0,106,14,2680,4250,1102,8154,1556,2085,540,2618
1415327103.10943,pg_catalog,pg_ts_config,0,0,0,0,0,0,0,0,0,0,0,0,0,0,,,,
1415327103.10943,pg_catalog,pg_extension,0,0,0,0,0,0,0,0,0,0,0,0,0,0,,,,
1415327103.10943,pg_catalog,pg_amop,0,0,162122,235559,0,0,0,0,0,0,306,235253,1002,345340,,,,
1415327103.10943,pg_catalog,pg_cast,0,0,585138,145109,0,0,0,0,0,0,221,144888,132,602733,,,,
1415327103.10943,pg_toast,pg_toast_2619,0,0,73340,245056,2781,0,2530,0,267,6,19319,98372,258,85637,,,,
1415327103.10943,pg_toast,pg_toast_11610,0,0,0,0,0,0,0,0,0,0,0,0,0,0,,,,
1415327103.10943,pg_toast,pg_toast_2604,0,0,0,0,0,0,0,0,0,0,0,0,0,0,,,,
