# hostname;interval;timestamp;pgpgin/s;pgpgout/s;fault/s;majflt/s;pgfree/s;pgscank/s;pgscand/s;pgsteal/s;%vmeff
axle;60;1415327184;3098.00;71761.13;461504.80;0.00;37881.00;2776.13;4365.65;6025.90;84.38
axle;60;1415327244;3180.27;44369.73;332303.62;0.07;92610.60;3693.83;3147.95;6360.30;92.96
axle;60;1415327304;3221.73;40626.80;318772.80;0.00;65707.60;0.00;2969.60;2509.47;84.51
axle;60;1415327364;3183.27;46164.33;422807.43;0.00;57256.02;0.00;1402.65;1208.52;86.16
axle;60;1415327424;3178.87;25419.67;285456.92;0.08;55726.67;0.00;590.40;590.40;100.00
axle;60;1415327484;3204.47;23601.13;251892.55;0.00;68362.07;0.00;380.80;380.80;100.00
axle;60;1415327544;3330.33;20300.00;259980.35;0.00;41984.70;0.00;852.27;852.27;100.00
axle;60;1415327604;3223.53;15734.73;481696.25;0.00;49904.10;0.00;923.73;923.73;100.00
axle;60;1415327664;3106.20;38267.13;302720.55;0.00;60474.68;0.00;830.40;830.40;100.00
axle;60;1415327724;3189.40;20907.07;321304.77;0.00;72244.37;0.00;773.87;773.87;100.00
axle;60;1415327784;3178.80;20201.40;255023.20;0.00;36836.42;0.00;57.60;57.60;100.00
axle;60;1415327844;3259.73;18878.87;337446.93;0.00;44900.75;0.00;0.00;0.00;0.00
axle;60;1415327904;3396.27;11572.27;295593.77;0.00;30553.77;0.00;0.00;0.00;0.00
axle;60;1415327964;3255.80;17762.87;278057.97;0.00;24251.02;0.00;762.13;762.13;100.00
axle;60;1415328024;3281.87;23861.13;271503.05;0.00;69712.27;0.00;869.87;869.87;100.00
axle;60;1415328084;3326.33;5646.40;354364.32;0.00;55963.57;0.00;158.40;158.40;100.00
axle;60;1415328144;3257.07;45314.33;343103.98;0.00;57534.88;3460.53;3356.07;6816.60;100.00
